Wed Feb 17 03:49:41 UTC 2010, 4372, 100, Charging
Wed Feb 17 03:49:56 UTC 2010, 4373, 100, Charging
Wed Feb 17 03:50:10 UTC 2010, 4372, 100, Charging
Wed Feb 17 03:50:25 UTC 2010, 4371, 100, Charging
Wed Feb 17 03:50:40 UTC 2010, 4376, 100, Charging
Wed Feb 17 03:50:55 UTC 2010, 4374, 100, Charging
Wed Feb 17 03:51:10 UTC 2010, 4371, 100, Charging
Wed Feb 17 03:51:25 UTC 2010, 4375, 100, Charging
Wed Feb 17 03:51:40 UTC 2010, 4372, 100, Charging
Wed Feb 17 03:51:55 UTC 2010, 4369, 100, Charging
Wed Feb 17 03:52:11 UTC 2010, 4373, 100, Charging
Wed Feb 17 03:52:26 UTC 2010, 4373, 100, Charging
Wed Feb 17 03:52:41 UTC 2010, 4373, 100, Charging
Wed Feb 17 03:52:56 UTC 2010, 4375, 100, Charging
Wed Feb 17 03:53:11 UTC 2010, 4375, 100, Charging
Wed Feb 17 03:53:26 UTC 2010, 4373, 100, Charging
Wed Feb 17 03:53:41 UTC 2010, 4375, 100, Charging
Wed Feb 17 03:53:56 UTC 2010, 4376, 100, Charging
Wed Feb 17 03:54:11 UTC 2010, 4377, 100, Charging
Wed Feb 17 03:54:26 UTC 2010, 4372, 100, Charging
Wed Feb 17 03:54:41 UTC 2010, 4374, 100, Discharging
Wed Feb 17 03:54:56 UTC 2010, 4377, 100, Discharging
Wed Feb 17 03:55:11 UTC 2010, 4378, 100, Discharging
Wed Feb 17 03:55:26 UTC 2010, 4374, 100, Discharging
Wed Feb 17 03:55:41 UTC 2010, 4375, 100, Discharging
Wed Feb 17 03:55:56 UTC 2010, 4376, 100, Discharging
Wed Feb 17 03:56:11 UTC 2010, 4378, 100, Discharging
Wed Feb 17 03:56:27 UTC 2010, 4374, 100, Discharging
Wed Feb 17 03:56:42 UTC 2010, 4376, 100, Discharging
Wed Feb 17 03:56:57 UTC 2010, 4371, 100, Discharging
Wed Feb 17 03:57:12 UTC 2010, 4374, 100, Discharging
Wed Feb 17 03:57:27 UTC 2010, 4374, 100, Discharging
Wed Feb 17 03:57:42 UTC 2010, 4375, 100, Discharging
Wed Feb 17 03:57:57 UTC 2010, 4377, 100, Discharging
Wed Feb 17 03:58:12 UTC 2010, 4376, 100, Discharging
Wed Feb 17 03:58:27 UTC 2010, 4376, 100, Discharging
Wed Feb 17 03:58:42 UTC 2010, 4375, 100, Discharging
Wed Feb 17 03:58:57 UTC 2010, 4377, 100, Discharging
Wed Feb 17 03:59:12 UTC 2010, 4373, 100, Discharging
Wed Feb 17 03:59:27 UTC 2010, 4374, 100, Discharging
Wed Feb 17 03:59:42 UTC 2010, 4375, 100, Discharging
Wed Feb 17 03:59:57 UTC 2010, 4378, 100, Discharging
Wed Feb 17 04:00:12 UTC 2010, 4373, 100, Discharging
Wed Feb 17 04:00:27 UTC 2010, 4376, 100, Discharging
Wed Feb 17 04:00:42 UTC 2010, 4375, 100, Discharging
Wed Feb 17 04:00:58 UTC 2010, 4378, 100, Discharging
Wed Feb 17 04:01:13 UTC 2010, 4375, 100, Discharging
Wed Feb 17 04:01:28 UTC 2010, 4375, 100, Discharging
Wed Feb 17 04:01:43 UTC 2010, 4375, 100, Discharging
Wed Feb 17 04:01:58 UTC 2010, 4376, 100, Discharging
Wed Feb 17 04:02:13 UTC 2010, 4374, 100, Discharging
Wed Feb 17 04:02:28 UTC 2010, 4378, 100, Discharging
Wed Feb 17 04:02:43 UTC 2010, 4376, 100, Discharging
Wed Feb 17 04:02:58 UTC 2010, 4376, 100, Discharging
Wed Feb 17 04:03:13 UTC 2010, 4376, 100, Discharging
Wed Feb 17 04:03:29 UTC 2010, 4374, 100, Discharging
Wed Feb 17 04:03:44 UTC 2010, 4377, 100, Discharging
Wed Feb 17 04:03:59 UTC 2010, 4378, 100, Discharging
Wed Feb 17 04:04:14 UTC 2010, 4376, 100, Discharging
Wed Feb 17 04:04:29 UTC 2010, 4375, 100, Discharging
Wed Feb 17 04:04:44 UTC 2010, 4376, 100, Discharging
Wed Feb 17 04:04:59 UTC 2010, 4377, 100, Discharging
Wed Feb 17 04:05:14 UTC 2010, 4373, 100, Discharging
Wed Feb 17 04:05:29 UTC 2010, 4373, 100, Discharging
Wed Feb 17 04:05:44 UTC 2010, 4376, 100, Discharging
Wed Feb 17 04:05:59 UTC 2010, 4377, 100, Discharging
Wed Feb 17 04:06:14 UTC 2010, 4376, 100, Discharging
Wed Feb 17 04:06:29 UTC 2010, 4376, 100, Discharging
Wed Feb 17 04:06:44 UTC 2010, 4378, 100, Discharging
Wed Feb 17 04:07:00 UTC 2010, 4375, 100, Discharging
Wed Feb 17 04:07:15 UTC 2010, 4376, 100, Discharging
Wed Feb 17 04:07:30 UTC 2010, 4374, 100, Discharging
Wed Feb 17 04:07:45 UTC 2010, 4376, 100, Discharging
Wed Feb 17 04:08:00 UTC 2010, 4379, 100, Discharging
Wed Feb 17 04:08:15 UTC 2010, 4374, 100, Discharging
Wed Feb 17 04:08:30 UTC 2010, 4375, 100, Discharging
Wed Feb 17 04:08:45 UTC 2010, 4376, 100, Discharging
Wed Feb 17 04:09:00 UTC 2010, 4377, 100, Discharging
Wed Feb 17 04:09:15 UTC 2010, 4372, 100, Discharging
Wed Feb 17 04:09:30 UTC 2010, 4376, 100, Discharging
Wed Feb 17 04:09:45 UTC 2010, 4377, 100, Discharging
Wed Feb 17 04:10:00 UTC 2010, 4378, 100, Discharging
Wed Feb 17 04:10:15 UTC 2010, 4375, 100, Discharging
Wed Feb 17 04:10:30 UTC 2010, 4376, 100, Discharging
Wed Feb 17 04:10:45 UTC 2010, 4373, 100, Discharging
Wed Feb 17 04:11:00 UTC 2010, 4376, 100, Discharging
Wed Feb 17 04:11:16 UTC 2010, 4377, 100, Discharging
Wed Feb 17 04:11:31 UTC 2010, 4375, 100, Discharging
Wed Feb 17 04:11:46 UTC 2010, 4377, 100, Discharging
Wed Feb 17 04:12:01 UTC 2010, 4379, 100, Discharging
Wed Feb 17 04:12:16 UTC 2010, 4377, 100, Discharging
Wed Feb 17 04:12:31 UTC 2010, 4375, 100, Discharging
Wed Feb 17 04:12:46 UTC 2010, 4376, 100, Discharging
Wed Feb 17 04:13:01 UTC 2010, 4374, 100, Discharging
Wed Feb 17 04:13:16 UTC 2010, 4375, 100, Discharging
Wed Feb 17 04:13:31 UTC 2010, 4374, 100, Discharging
Wed Feb 17 04:13:46 UTC 2010, 4377, 100, Discharging
Wed Feb 17 04:14:01 UTC 2010, 4378, 100, Discharging
Wed Feb 17 04:14:16 UTC 2010, 4376, 100, Discharging
Wed Feb 17 04:14:31 UTC 2010, 4378, 100, Discharging
Wed Feb 17 04:14:46 UTC 2010, 4376, 100, Discharging
Wed Feb 17 04:15:01 UTC 2010, 4378, 100, Discharging
Wed Feb 17 04:15:16 UTC 2010, 4375, 100, Discharging
Wed Feb 17 04:15:31 UTC 2010, 4379, 100, Discharging
Wed Feb 17 04:15:46 UTC 2010, 4378, 100, Discharging
Wed Feb 17 04:16:02 UTC 2010, 4378, 100, Discharging
Wed Feb 17 04:16:17 UTC 2010, 4374, 100, Discharging
Wed Feb 17 04:16:32 UTC 2010, 4377, 100, Discharging
Wed Feb 17 04:16:47 UTC 2010, 4378, 100, Discharging
Wed Feb 17 04:17:02 UTC 2010, 4378, 100, Discharging
Wed Feb 17 04:17:17 UTC 2010, 4378, 100, Discharging
Wed Feb 17 04:17:32 UTC 2010, 4377, 100, Discharging
Wed Feb 17 04:17:47 UTC 2010, 4378, 100, Discharging
Wed Feb 17 04:18:02 UTC 2010, 4376, 100, Discharging
Wed Feb 17 04:18:17 UTC 2010, 4375, 100, Discharging
Wed Feb 17 04:18:32 UTC 2010, 4376, 100, Discharging
Wed Feb 17 04:18:47 UTC 2010, 4376, 100, Discharging
Wed Feb 17 04:19:02 UTC 2010, 4378, 100, Discharging
Wed Feb 17 04:19:17 UTC 2010, 4376, 100, Discharging
Wed Feb 17 04:19:32 UTC 2010, 4374, 100, Discharging
Wed Feb 17 04:19:47 UTC 2010, 4376, 100, Discharging
Wed Feb 17 04:20:02 UTC 2010, 4377, 100, Discharging
Wed Feb 17 04:20:17 UTC 2010, 4377, 100, Discharging
Wed Feb 17 04:20:32 UTC 2010, 4377, 100, Discharging
Wed Feb 17 04:20:47 UTC 2010, 4376, 100, Discharging
Wed Feb 17 04:21:02 UTC 2010, 4376, 100, Discharging
Wed Feb 17 04:21:17 UTC 2010, 4374, 100, Discharging
Wed Feb 17 04:21:32 UTC 2010, 4374, 100, Discharging
Wed Feb 17 04:21:47 UTC 2010, 4376, 100, Discharging
Wed Feb 17 04:22:02 UTC 2010, 4378, 100, Discharging
Wed Feb 17 04:22:18 UTC 2010, 4377, 100, Discharging
Wed Feb 17 04:22:33 UTC 2010, 4375, 100, Discharging
Wed Feb 17 04:22:48 UTC 2010, 4376, 100, Discharging
Wed Feb 17 04:23:03 UTC 2010, 4378, 100, Discharging
Wed Feb 17 04:23:18 UTC 2010, 4373, 100, Discharging
Wed Feb 17 04:23:33 UTC 2010, 4378, 100, Discharging
Wed Feb 17 04:23:48 UTC 2010, 4377, 100, Discharging
Wed Feb 17 04:24:03 UTC 2010, 4378, 100, Discharging
Wed Feb 17 04:24:18 UTC 2010, 4374, 100, Discharging
Wed Feb 17 04:24:33 UTC 2010, 4376, 100, Discharging
Wed Feb 17 04:24:48 UTC 2010, 4377, 100, Discharging
Wed Feb 17 04:25:03 UTC 2010, 4375, 100, Discharging
Wed Feb 17 04:25:18 UTC 2010, 4375, 100, Discharging
Wed Feb 17 04:25:33 UTC 2010, 4378, 100, Discharging
Wed Feb 17 04:25:48 UTC 2010, 4378, 100, Discharging
Wed Feb 17 04:26:03 UTC 2010, 4377, 100, Discharging
Wed Feb 17 04:26:18 UTC 2010, 4375, 100, Discharging
Wed Feb 17 04:26:33 UTC 2010, 4374, 100, Discharging
Wed Feb 17 04:26:49 UTC 2010, 4376, 100, Discharging
Wed Feb 17 04:27:04 UTC 2010, 4374, 100, Discharging
Wed Feb 17 04:27:19 UTC 2010, 4378, 100, Discharging
Wed Feb 17 04:27:34 UTC 2010, 4375, 100, Discharging
Wed Feb 17 04:27:49 UTC 2010, 4376, 100, Discharging
Wed Feb 17 04:28:04 UTC 2010, 4377, 100, Discharging
Wed Feb 17 04:28:19 UTC 2010, 4375, 100, Discharging
Wed Feb 17 04:28:34 UTC 2010, 4376, 100, Discharging
Wed Feb 17 04:28:49 UTC 2010, 4375, 100, Discharging
Wed Feb 17 04:29:04 UTC 2010, 4378, 100, Discharging
Wed Feb 17 04:29:19 UTC 2010, 4374, 100, Discharging
Wed Feb 17 04:29:34 UTC 2010, 4376, 100, Discharging
Wed Feb 17 04:29:49 UTC 2010, 4378, 100, Discharging
Wed Feb 17 04:30:04 UTC 2010, 4378, 100, Discharging
Wed Feb 17 04:30:19 UTC 2010, 4376, 100, Discharging
Wed Feb 17 04:30:34 UTC 2010, 4375, 100, Discharging
Wed Feb 17 04:30:49 UTC 2010, 4378, 100, Discharging
Wed Feb 17 04:31:04 UTC 2010, 4379, 100, Discharging
Wed Feb 17 04:31:20 UTC 2010, 4377, 100, Discharging
Wed Feb 17 04:31:35 UTC 2010, 4375, 100, Discharging
Wed Feb 17 04:31:50 UTC 2010, 4377, 100, Discharging
Wed Feb 17 04:32:05 UTC 2010, 4379, 100, Discharging
Wed Feb 17 04:32:20 UTC 2010, 4379, 100, Discharging
Wed Feb 17 04:32:35 UTC 2010, 4378, 100, Discharging
Wed Feb 17 04:32:50 UTC 2010, 4377, 100, Discharging
Wed Feb 17 04:33:05 UTC 2010, 4378, 100, Discharging
Wed Feb 17 04:33:20 UTC 2010, 4375, 100, Discharging
Wed Feb 17 04:33:35 UTC 2010, 4376, 100, Discharging
Wed Feb 17 04:33:50 UTC 2010, 4378, 100, Discharging
Wed Feb 17 04:34:05 UTC 2010, 4378, 100, Discharging
Wed Feb 17 04:34:20 UTC 2010, 4377, 100, Discharging
Wed Feb 17 04:34:35 UTC 2010, 4379, 100, Discharging
Wed Feb 17 04:34:50 UTC 2010, 4376, 100, Discharging
Wed Feb 17 04:35:05 UTC 2010, 4378, 100, Discharging
Wed Feb 17 04:35:20 UTC 2010, 4376, 100, Discharging
Wed Feb 17 04:35:36 UTC 2010, 4376, 100, Discharging
Wed Feb 17 04:35:51 UTC 2010, 4378, 100, Discharging
Wed Feb 17 04:36:06 UTC 2010, 4377, 100, Discharging
Wed Feb 17 04:36:21 UTC 2010, 4376, 100, Discharging
Wed Feb 17 04:36:36 UTC 2010, 4375, 100, Discharging
Wed Feb 17 04:36:51 UTC 2010, 4377, 100, Discharging
Wed Feb 17 04:37:06 UTC 2010, 4373, 100, Discharging
Wed Feb 17 04:37:21 UTC 2010, 4378, 100, Discharging
Wed Feb 17 04:37:36 UTC 2010, 4378, 100, Discharging
Wed Feb 17 04:37:51 UTC 2010, 4376, 100, Discharging
Wed Feb 17 04:38:06 UTC 2010, 4375, 100, Discharging
Wed Feb 17 04:38:21 UTC 2010, 4375, 100, Discharging
Wed Feb 17 04:38:36 UTC 2010, 4376, 100, Discharging
Wed Feb 17 04:38:51 UTC 2010, 4375, 100, Discharging
Wed Feb 17 04:39:06 UTC 2010, 4378, 100, Discharging
Wed Feb 17 04:39:21 UTC 2010, 4374, 100, Discharging
Wed Feb 17 04:39:36 UTC 2010, 4374, 100, Discharging
Wed Feb 17 04:39:51 UTC 2010, 4377, 100, Discharging
Wed Feb 17 04:40:07 UTC 2010, 4375, 100, Discharging
Wed Feb 17 04:40:22 UTC 2010, 4376, 100, Discharging
Wed Feb 17 04:40:37 UTC 2010, 4378, 100, Discharging
Wed Feb 17 04:40:52 UTC 2010, 4379, 100, Discharging
Wed Feb 17 04:41:07 UTC 2010, 4380, 100, Discharging
Wed Feb 17 04:41:22 UTC 2010, 4378, 100, Discharging
Wed Feb 17 04:41:37 UTC 2010, 4375, 100, Discharging
Wed Feb 17 04:41:52 UTC 2010, 4377, 100, Discharging
Wed Feb 17 04:42:07 UTC 2010, 4379, 100, Discharging
Wed Feb 17 04:42:22 UTC 2010, 4378, 100, Discharging
Wed Feb 17 04:42:37 UTC 2010, 4374, 100, Discharging
Wed Feb 17 04:42:52 UTC 2010, 4378, 100, Discharging
Wed Feb 17 04:43:07 UTC 2010, 4379, 100, Discharging
Wed Feb 17 04:43:22 UTC 2010, 4378, 100, Discharging
Wed Feb 17 04:43:37 UTC 2010, 4376, 100, Discharging
Wed Feb 17 04:43:52 UTC 2010, 4378, 100, Discharging
Wed Feb 17 04:44:07 UTC 2010, 4379, 100, Discharging
Wed Feb 17 04:44:22 UTC 2010, 4377, 100, Discharging
Wed Feb 17 04:44:38 UTC 2010, 4377, 100, Discharging
Wed Feb 17 04:44:53 UTC 2010, 4375, 100, Discharging
Wed Feb 17 04:45:08 UTC 2010, 4377, 100, Discharging
Wed Feb 17 04:45:23 UTC 2010, 4376, 100, Discharging
Wed Feb 17 04:45:38 UTC 2010, 4375, 100, Discharging
Wed Feb 17 04:45:53 UTC 2010, 4378, 100, Discharging
Wed Feb 17 04:46:08 UTC 2010, 4374, 100, Discharging
Wed Feb 17 04:46:23 UTC 2010, 4375, 100, Discharging
Wed Feb 17 04:46:38 UTC 2010, 4376, 100, Discharging
Wed Feb 17 04:46:53 UTC 2010, 4378, 100, Discharging
Wed Feb 17 04:47:08 UTC 2010, 4377, 100, Discharging
Wed Feb 17 04:47:23 UTC 2010, 4377, 100, Discharging
Wed Feb 17 04:47:38 UTC 2010, 4377, 100, Discharging
Wed Feb 17 04:47:53 UTC 2010, 4379, 100, Discharging
Wed Feb 17 04:48:08 UTC 2010, 4378, 100, Discharging
Wed Feb 17 04:48:23 UTC 2010, 4377, 100, Discharging
Wed Feb 17 04:48:38 UTC 2010, 4374, 100, Discharging
Wed Feb 17 04:48:54 UTC 2010, 4379, 100, Discharging
Wed Feb 17 04:49:09 UTC 2010, 4376, 100, Discharging
Wed Feb 17 04:49:24 UTC 2010, 4376, 100, Discharging
Wed Feb 17 04:49:39 UTC 2010, 4378, 100, Discharging
Wed Feb 17 04:49:54 UTC 2010, 4379, 100, Discharging
Wed Feb 17 04:50:09 UTC 2010, 4377, 100, Discharging
Wed Feb 17 04:50:24 UTC 2010, 4159, 96, Discharging
Wed Feb 17 04:50:39 UTC 2010, 4145, 95, Discharging
Wed Feb 17 04:50:54 UTC 2010, 4157, 96, Discharging
Wed Feb 17 04:51:09 UTC 2010, 4132, 94, Discharging
Wed Feb 17 04:51:24 UTC 2010, 4097, 92, Discharging
Wed Feb 17 04:51:39 UTC 2010, 4122, 94, Discharging
Wed Feb 17 04:51:54 UTC 2010, 4087, 91, Discharging
Wed Feb 17 04:52:09 UTC 2010, 4158, 96, Discharging
Wed Feb 17 04:52:24 UTC 2010, 4161, 97, Discharging
Wed Feb 17 04:52:39 UTC 2010, 4148, 96, Discharging
Wed Feb 17 04:52:55 UTC 2010, 4101, 92, Discharging
Wed Feb 17 04:53:10 UTC 2010, 4132, 94, Discharging
Wed Feb 17 04:53:25 UTC 2010, 4138, 95, Discharging
Wed Feb 17 04:53:40 UTC 2010, 4139, 95, Discharging
Wed Feb 17 04:53:55 UTC 2010, 4130, 94, Discharging
Wed Feb 17 04:54:10 UTC 2010, 4131, 94, Discharging
Wed Feb 17 04:54:25 UTC 2010, 4151, 96, Discharging
Wed Feb 17 04:54:40 UTC 2010, 4154, 96, Discharging
Wed Feb 17 04:54:55 UTC 2010, 4135, 95, Discharging
Wed Feb 17 04:55:10 UTC 2010, 4102, 92, Discharging
Wed Feb 17 04:55:25 UTC 2010, 4147, 96, Discharging
Wed Feb 17 04:55:40 UTC 2010, 4149, 96, Discharging
Wed Feb 17 04:55:55 UTC 2010, 4126, 94, Discharging
Wed Feb 17 04:56:10 UTC 2010, 4124, 94, Discharging
Wed Feb 17 04:56:25 UTC 2010, 4147, 96, Discharging
Wed Feb 17 04:56:41 UTC 2010, 4123, 94, Discharging
Wed Feb 17 04:56:56 UTC 2010, 4123, 94, Discharging
Wed Feb 17 04:57:11 UTC 2010, 4124, 94, Discharging
Wed Feb 17 04:57:26 UTC 2010, 4144, 95, Discharging
Wed Feb 17 04:57:41 UTC 2010, 4134, 95, Discharging
Wed Feb 17 04:57:56 UTC 2010, 4118, 93, Discharging
Wed Feb 17 04:58:11 UTC 2010, 4117, 93, Discharging
Wed Feb 17 04:58:26 UTC 2010, 4112, 93, Discharging
Wed Feb 17 04:58:41 UTC 2010, 4119, 94, Discharging
Wed Feb 17 04:58:56 UTC 2010, 4129, 94, Discharging
Wed Feb 17 04:59:11 UTC 2010, 4120, 94, Discharging
Wed Feb 17 04:59:26 UTC 2010, 4108, 93, Discharging
Wed Feb 17 04:59:41 UTC 2010, 4112, 93, Discharging
Wed Feb 17 04:59:56 UTC 2010, 4114, 93, Discharging
Wed Feb 17 05:00:12 UTC 2010, 4126, 94, Discharging
Wed Feb 17 05:00:27 UTC 2010, 4110, 93, Discharging
Wed Feb 17 05:00:42 UTC 2010, 4108, 93, Discharging
Wed Feb 17 05:00:57 UTC 2010, 4084, 91, Discharging
Wed Feb 17 05:01:12 UTC 2010, 4114, 93, Discharging
Wed Feb 17 05:01:27 UTC 2010, 4130, 94, Discharging
Wed Feb 17 05:01:42 UTC 2010, 4069, 90, Discharging
Wed Feb 17 05:01:57 UTC 2010, 4105, 92, Discharging
Wed Feb 17 05:02:12 UTC 2010, 4102, 92, Discharging
Wed Feb 17 05:02:27 UTC 2010, 4128, 94, Discharging
Wed Feb 17 05:02:42 UTC 2010, 4111, 93, Discharging
Wed Feb 17 05:02:57 UTC 2010, 4104, 92, Discharging
Wed Feb 17 05:03:12 UTC 2010, 4103, 92, Discharging
Wed Feb 17 05:03:27 UTC 2010, 4104, 92, Discharging
Wed Feb 17 05:03:43 UTC 2010, 4104, 92, Discharging
Wed Feb 17 05:03:58 UTC 2010, 4066, 90, Discharging
Wed Feb 17 05:04:13 UTC 2010, 4089, 91, Discharging
Wed Feb 17 05:04:28 UTC 2010, 4099, 92, Discharging
Wed Feb 17 05:04:43 UTC 2010, 4121, 94, Discharging
Wed Feb 17 05:04:58 UTC 2010, 4121, 94, Discharging
Wed Feb 17 05:05:13 UTC 2010, 4079, 91, Discharging
Wed Feb 17 05:05:28 UTC 2010, 4096, 92, Discharging
Wed Feb 17 05:05:43 UTC 2010, 4096, 92, Discharging
Wed Feb 17 05:05:58 UTC 2010, 4094, 92, Discharging
Wed Feb 17 05:06:13 UTC 2010, 4093, 92, Discharging
Wed Feb 17 05:06:28 UTC 2010, 4097, 92, Discharging
Wed Feb 17 05:06:43 UTC 2010, 4094, 92, Discharging
Wed Feb 17 05:06:58 UTC 2010, 4039, 88, Discharging
Wed Feb 17 05:07:14 UTC 2010, 4082, 91, Discharging
Wed Feb 17 05:07:29 UTC 2010, 4078, 90, Discharging
Wed Feb 17 05:07:44 UTC 2010, 4088, 91, Discharging
Wed Feb 17 05:07:59 UTC 2010, 4043, 88, Discharging
Wed Feb 17 05:08:14 UTC 2010, 4084, 91, Discharging
Wed Feb 17 05:08:29 UTC 2010, 4054, 89, Discharging
Wed Feb 17 05:08:44 UTC 2010, 4104, 92, Discharging
Wed Feb 17 05:08:59 UTC 2010, 4102, 92, Discharging
Wed Feb 17 05:09:14 UTC 2010, 4063, 89, Discharging
Wed Feb 17 05:09:29 UTC 2010, 4081, 91, Discharging
Wed Feb 17 05:09:44 UTC 2010, 4105, 92, Discharging
Wed Feb 17 05:09:59 UTC 2010, 4105, 92, Discharging
Wed Feb 17 05:10:14 UTC 2010, 4053, 89, Discharging
Wed Feb 17 05:10:29 UTC 2010, 4079, 91, Discharging
Wed Feb 17 05:10:44 UTC 2010, 4099, 92, Discharging
Wed Feb 17 05:11:00 UTC 2010, 4102, 92, Discharging
Wed Feb 17 05:11:15 UTC 2010, 4037, 87, Discharging
Wed Feb 17 05:11:30 UTC 2010, 4081, 91, Discharging
Wed Feb 17 05:11:45 UTC 2010, 4100, 92, Discharging
Wed Feb 17 05:12:00 UTC 2010, 4100, 92, Discharging
Wed Feb 17 05:12:15 UTC 2010, 4071, 90, Discharging
Wed Feb 17 05:12:30 UTC 2010, 4078, 90, Discharging
Wed Feb 17 05:12:45 UTC 2010, 4075, 90, Discharging
Wed Feb 17 05:13:00 UTC 2010, 4094, 92, Discharging
Wed Feb 17 05:13:15 UTC 2010, 4047, 88, Discharging
Wed Feb 17 05:13:30 UTC 2010, 4075, 90, Discharging
Wed Feb 17 05:13:45 UTC 2010, 4094, 92, Discharging
Wed Feb 17 05:14:00 UTC 2010, 4093, 92, Discharging
Wed Feb 17 05:14:15 UTC 2010, 4023, 86, Discharging
Wed Feb 17 05:14:31 UTC 2010, 4027, 87, Discharging
Wed Feb 17 05:14:46 UTC 2010, 4091, 91, Discharging
Wed Feb 17 05:15:01 UTC 2010, 4033, 87, Discharging
Wed Feb 17 05:15:16 UTC 2010, 4037, 87, Discharging
Wed Feb 17 05:15:31 UTC 2010, 4059, 89, Discharging
Wed Feb 17 05:15:46 UTC 2010, 4047, 88, Discharging
Wed Feb 17 05:16:01 UTC 2010, 4062, 89, Discharging
Wed Feb 17 05:16:16 UTC 2010, 4081, 91, Discharging
Wed Feb 17 05:16:31 UTC 2010, 4081, 91, Discharging
Wed Feb 17 05:16:46 UTC 2010, 4044, 88, Discharging
Wed Feb 17 05:17:01 UTC 2010, 4060, 89, Discharging
Wed Feb 17 05:17:16 UTC 2010, 4075, 90, Discharging
Wed Feb 17 05:17:31 UTC 2010, 4084, 91, Discharging
Wed Feb 17 05:17:46 UTC 2010, 4034, 87, Discharging
Wed Feb 17 05:18:01 UTC 2010, 4058, 89, Discharging
Wed Feb 17 05:18:17 UTC 2010, 4059, 89, Discharging
Wed Feb 17 05:18:32 UTC 2010, 4053, 89, Discharging
Wed Feb 17 05:18:47 UTC 2010, 4079, 91, Discharging
Wed Feb 17 05:19:02 UTC 2010, 4082, 91, Discharging
Wed Feb 17 05:19:17 UTC 2010, 4039, 88, Discharging
Wed Feb 17 05:19:32 UTC 2010, 4056, 89, Discharging
Wed Feb 17 05:19:47 UTC 2010, 4078, 90, Discharging
Wed Feb 17 05:20:02 UTC 2010, 4052, 89, Discharging
Wed Feb 17 05:20:17 UTC 2010, 4024, 86, Discharging
Wed Feb 17 05:20:32 UTC 2010, 4052, 89, Discharging
Wed Feb 17 05:20:47 UTC 2010, 4005, 85, Discharging
Wed Feb 17 05:21:02 UTC 2010, 4058, 89, Discharging
Wed Feb 17 05:21:17 UTC 2010, 4046, 88, Discharging
Wed Feb 17 05:21:33 UTC 2010, 4043, 88, Discharging
Wed Feb 17 05:21:48 UTC 2010, 4043, 88, Discharging
Wed Feb 17 05:22:03 UTC 2010, 4025, 87, Discharging
Wed Feb 17 05:22:18 UTC 2010, 4066, 90, Discharging
Wed Feb 17 05:22:33 UTC 2010, 4067, 90, Discharging
Wed Feb 17 05:22:48 UTC 2010, 4018, 86, Discharging
Wed Feb 17 05:23:03 UTC 2010, 4043, 88, Discharging
Wed Feb 17 05:23:18 UTC 2010, 4043, 88, Discharging
Wed Feb 17 05:23:33 UTC 2010, 4044, 88, Discharging
Wed Feb 17 05:23:48 UTC 2010, 4065, 90, Discharging
Wed Feb 17 05:24:03 UTC 2010, 4067, 90, Discharging
Wed Feb 17 05:24:18 UTC 2010, 4024, 86, Discharging
Wed Feb 17 05:24:33 UTC 2010, 4041, 88, Discharging
Wed Feb 17 05:24:48 UTC 2010, 3995, 84, Discharging
Wed Feb 17 05:25:03 UTC 2010, 4061, 89, Discharging
Wed Feb 17 05:25:18 UTC 2010, 4011, 86, Discharging
Wed Feb 17 05:25:34 UTC 2010, 4030, 87, Discharging
Wed Feb 17 05:25:49 UTC 2010, 4034, 87, Discharging
Wed Feb 17 05:26:04 UTC 2010, 4030, 87, Discharging
Wed Feb 17 05:26:19 UTC 2010, 4037, 87, Discharging
Wed Feb 17 05:26:34 UTC 2010, 4050, 88, Discharging
Wed Feb 17 05:26:49 UTC 2010, 4017, 86, Discharging
Wed Feb 17 05:27:04 UTC 2010, 4034, 87, Discharging
Wed Feb 17 05:27:19 UTC 2010, 4058, 89, Discharging
Wed Feb 17 05:27:34 UTC 2010, 4058, 89, Discharging
Wed Feb 17 05:27:49 UTC 2010, 3999, 85, Discharging
Wed Feb 17 05:28:04 UTC 2010, 4034, 87, Discharging
Wed Feb 17 05:28:19 UTC 2010, 4034, 87, Discharging
Wed Feb 17 05:28:34 UTC 2010, 4031, 87, Discharging
Wed Feb 17 05:28:49 UTC 2010, 4054, 89, Discharging
Wed Feb 17 05:29:05 UTC 2010, 4046, 88, Discharging
Wed Feb 17 05:29:20 UTC 2010, 4013, 86, Discharging
Wed Feb 17 05:29:35 UTC 2010, 4040, 88, Discharging
Wed Feb 17 05:29:50 UTC 2010, 4052, 89, Discharging
Wed Feb 17 05:30:05 UTC 2010, 4050, 88, Discharging
Wed Feb 17 05:30:20 UTC 2010, 4003, 85, Discharging
Wed Feb 17 05:30:35 UTC 2010, 4027, 87, Discharging
Wed Feb 17 05:30:50 UTC 2010, 4028, 87, Discharging
Wed Feb 17 05:31:05 UTC 2010, 4026, 87, Discharging
Wed Feb 17 05:31:20 UTC 2010, 4049, 88, Discharging
Wed Feb 17 05:31:35 UTC 2010, 4037, 87, Discharging
Wed Feb 17 05:31:50 UTC 2010, 4005, 85, Discharging
Wed Feb 17 05:32:05 UTC 2010, 4029, 87, Discharging
Wed Feb 17 05:32:20 UTC 2010, 4040, 88, Discharging
Wed Feb 17 05:32:35 UTC 2010, 4047, 88, Discharging
Wed Feb 17 05:32:51 UTC 2010, 3990, 84, Discharging
Wed Feb 17 05:33:06 UTC 2010, 4025, 87, Discharging
Wed Feb 17 05:33:21 UTC 2010, 4044, 88, Discharging
Wed Feb 17 05:33:36 UTC 2010, 4045, 88, Discharging
Wed Feb 17 05:33:51 UTC 2010, 4017, 86, Discharging
Wed Feb 17 05:34:06 UTC 2010, 4019, 86, Discharging
Wed Feb 17 05:34:21 UTC 2010, 4040, 88, Discharging
Wed Feb 17 05:34:36 UTC 2010, 4010, 85, Discharging
Wed Feb 17 05:34:51 UTC 2010, 3982, 83, Discharging
Wed Feb 17 05:35:06 UTC 2010, 4014, 86, Discharging
Wed Feb 17 05:35:21 UTC 2010, 4037, 87, Discharging
Wed Feb 17 05:35:36 UTC 2010, 3981, 83, Discharging
Wed Feb 17 05:35:51 UTC 2010, 4025, 87, Discharging
Wed Feb 17 05:36:06 UTC 2010, 3972, 83, Discharging
Wed Feb 17 05:36:21 UTC 2010, 3962, 82, Discharging
Wed Feb 17 05:36:37 UTC 2010, 4007, 85, Discharging
Wed Feb 17 05:36:52 UTC 2010, 4028, 87, Discharging
Wed Feb 17 05:37:07 UTC 2010, 4009, 85, Discharging
Wed Feb 17 05:37:22 UTC 2010, 4001, 85, Discharging
Wed Feb 17 05:37:37 UTC 2010, 4028, 87, Discharging
Wed Feb 17 05:37:52 UTC 2010, 3963, 82, Discharging
Wed Feb 17 05:38:07 UTC 2010, 4008, 85, Discharging
Wed Feb 17 05:38:22 UTC 2010, 4026, 87, Discharging
Wed Feb 17 05:38:37 UTC 2010, 4015, 86, Discharging
Wed Feb 17 05:38:52 UTC 2010, 4007, 85, Discharging
Wed Feb 17 05:39:07 UTC 2010, 4004, 85, Discharging
Wed Feb 17 05:39:22 UTC 2010, 3956, 81, Discharging
Wed Feb 17 05:39:37 UTC 2010, 3995, 84, Discharging
Wed Feb 17 05:39:52 UTC 2010, 3977, 83, Discharging
Wed Feb 17 05:40:07 UTC 2010, 4001, 85, Discharging
Wed Feb 17 05:40:22 UTC 2010, 4021, 86, Discharging
Wed Feb 17 05:40:38 UTC 2010, 4010, 85, Discharging
Wed Feb 17 05:40:53 UTC 2010, 3972, 83, Discharging
Wed Feb 17 05:41:08 UTC 2010, 3998, 85, Discharging
Wed Feb 17 05:41:23 UTC 2010, 4022, 86, Discharging
Wed Feb 17 05:41:38 UTC 2010, 4020, 86, Discharging
Wed Feb 17 05:41:53 UTC 2010, 3952, 81, Discharging
Wed Feb 17 05:42:08 UTC 2010, 4000, 85, Discharging
Wed Feb 17 05:42:23 UTC 2010, 4018, 86, Discharging
Wed Feb 17 05:42:38 UTC 2010, 4021, 86, Discharging
Wed Feb 17 05:42:53 UTC 2010, 3960, 82, Discharging
Wed Feb 17 05:43:08 UTC 2010, 3989, 84, Discharging
Wed Feb 17 05:43:23 UTC 2010, 3995, 84, Discharging
Wed Feb 17 05:43:38 UTC 2010, 3993, 84, Discharging
Wed Feb 17 05:43:53 UTC 2010, 3995, 84, Discharging
Wed Feb 17 05:44:08 UTC 2010, 4014, 86, Discharging
Wed Feb 17 05:44:24 UTC 2010, 3963, 82, Discharging
Wed Feb 17 05:44:39 UTC 2010, 3997, 84, Discharging
Wed Feb 17 05:44:54 UTC 2010, 4014, 86, Discharging
Wed Feb 17 05:45:09 UTC 2010, 4010, 85, Discharging
Wed Feb 17 05:45:24 UTC 2010, 3956, 81, Discharging
Wed Feb 17 05:45:39 UTC 2010, 3986, 84, Discharging
Wed Feb 17 05:45:54 UTC 2010, 3991, 84, Discharging
Wed Feb 17 05:46:09 UTC 2010, 3989, 84, Discharging
Wed Feb 17 05:46:24 UTC 2010, 4003, 85, Discharging
Wed Feb 17 05:46:39 UTC 2010, 4009, 85, Discharging
Wed Feb 17 05:46:54 UTC 2010, 3988, 84, Discharging
Wed Feb 17 05:47:09 UTC 2010, 3988, 84, Discharging
Wed Feb 17 05:47:24 UTC 2010, 4010, 85, Discharging
Wed Feb 17 05:47:39 UTC 2010, 4003, 85, Discharging
Wed Feb 17 05:47:54 UTC 2010, 3984, 84, Discharging
Wed Feb 17 05:48:10 UTC 2010, 3984, 84, Discharging
Wed Feb 17 05:48:25 UTC 2010, 3976, 83, Discharging
Wed Feb 17 05:48:40 UTC 2010, 3982, 83, Discharging
Wed Feb 17 05:48:55 UTC 2010, 4003, 85, Discharging
Wed Feb 17 05:49:10 UTC 2010, 4005, 85, Discharging
Wed Feb 17 05:49:25 UTC 2010, 3982, 83, Discharging
Wed Feb 17 05:49:40 UTC 2010, 3987, 84, Discharging
Wed Feb 17 05:49:55 UTC 2010, 4005, 85, Discharging
Wed Feb 17 05:50:10 UTC 2010, 4006, 85, Discharging
Wed Feb 17 05:50:25 UTC 2010, 3980, 83, Discharging
Wed Feb 17 05:50:40 UTC 2010, 3975, 83, Discharging
Wed Feb 17 05:50:55 UTC 2010, 3980, 83, Discharging
Wed Feb 17 05:51:10 UTC 2010, 3953, 81, Discharging
Wed Feb 17 05:51:25 UTC 2010, 4000, 85, Discharging
Wed Feb 17 05:51:41 UTC 2010, 3995, 84, Discharging
Wed Feb 17 05:51:56 UTC 2010, 3974, 83, Discharging
Wed Feb 17 05:52:11 UTC 2010, 3973, 83, Discharging
Wed Feb 17 05:52:26 UTC 2010, 3936, 80, Discharging
Wed Feb 17 05:52:41 UTC 2010, 3928, 79, Discharging
Wed Feb 17 05:52:56 UTC 2010, 3952, 81, Discharging
Wed Feb 17 05:53:11 UTC 2010, 3964, 82, Discharging
Wed Feb 17 05:53:26 UTC 2010, 3929, 79, Discharging
Wed Feb 17 05:53:41 UTC 2010, 3963, 82, Discharging
Wed Feb 17 05:53:56 UTC 2010, 3985, 84, Discharging
Wed Feb 17 05:54:11 UTC 2010, 3991, 84, Discharging
Wed Feb 17 05:54:26 UTC 2010, 3934, 80, Discharging
Wed Feb 17 05:54:41 UTC 2010, 3961, 82, Discharging
Wed Feb 17 05:54:56 UTC 2010, 3984, 84, Discharging
Wed Feb 17 05:55:11 UTC 2010, 3978, 83, Discharging
Wed Feb 17 05:55:27 UTC 2010, 3942, 80, Discharging
Wed Feb 17 05:55:42 UTC 2010, 3929, 79, Discharging
Wed Feb 17 05:55:57 UTC 2010, 3928, 79, Discharging
Wed Feb 17 05:56:12 UTC 2010, 3922, 79, Discharging
Wed Feb 17 05:56:27 UTC 2010, 3914, 78, Discharging
Wed Feb 17 05:56:42 UTC 2010, 3959, 82, Discharging
Wed Feb 17 05:56:57 UTC 2010, 3959, 82, Discharging
Wed Feb 17 05:57:12 UTC 2010, 3958, 82, Discharging
Wed Feb 17 05:57:27 UTC 2010, 3918, 78, Discharging
Wed Feb 17 05:57:42 UTC 2010, 3959, 82, Discharging
Wed Feb 17 05:57:57 UTC 2010, 3946, 81, Discharging
Wed Feb 17 05:58:12 UTC 2010, 3957, 82, Discharging
Wed Feb 17 05:58:27 UTC 2010, 3956, 81, Discharging
Wed Feb 17 05:58:42 UTC 2010, 3953, 81, Discharging
Wed Feb 17 05:58:57 UTC 2010, 3910, 77, Discharging
Wed Feb 17 05:59:13 UTC 2010, 3956, 81, Discharging
Wed Feb 17 05:59:28 UTC 2010, 3953, 81, Discharging
Wed Feb 17 05:59:43 UTC 2010, 3958, 82, Discharging
Wed Feb 17 05:59:58 UTC 2010, 3974, 83, Discharging
Wed Feb 17 06:00:13 UTC 2010, 3976, 83, Discharging
Wed Feb 17 06:00:28 UTC 2010, 3954, 81, Discharging
Wed Feb 17 06:00:43 UTC 2010, 3953, 81, Discharging
Wed Feb 17 06:00:58 UTC 2010, 3950, 81, Discharging
Wed Feb 17 06:01:13 UTC 2010, 3951, 81, Discharging
Wed Feb 17 06:01:28 UTC 2010, 3908, 77, Discharging
Wed Feb 17 06:01:43 UTC 2010, 3955, 81, Discharging
Wed Feb 17 06:01:58 UTC 2010, 3947, 81, Discharging
Wed Feb 17 06:02:13 UTC 2010, 3947, 81, Discharging
Wed Feb 17 06:02:28 UTC 2010, 3948, 81, Discharging
Wed Feb 17 06:02:43 UTC 2010, 3946, 81, Discharging
Wed Feb 17 06:02:59 UTC 2010, 3957, 82, Discharging
Wed Feb 17 06:03:14 UTC 2010, 3928, 79, Discharging
Wed Feb 17 06:03:29 UTC 2010, 3946, 81, Discharging
Wed Feb 17 06:03:44 UTC 2010, 3949, 81, Discharging
Wed Feb 17 06:03:59 UTC 2010, 3960, 82, Discharging
Wed Feb 17 06:04:14 UTC 2010, 3968, 82, Discharging
Wed Feb 17 06:04:29 UTC 2010, 3940, 80, Discharging
Wed Feb 17 06:04:44 UTC 2010, 3947, 81, Discharging
Wed Feb 17 06:04:59 UTC 2010, 3968, 82, Discharging
Wed Feb 17 06:05:14 UTC 2010, 3912, 77, Discharging
Wed Feb 17 06:05:29 UTC 2010, 3936, 80, Discharging
Wed Feb 17 06:05:44 UTC 2010, 3942, 80, Discharging
Wed Feb 17 06:05:59 UTC 2010, 3938, 80, Discharging
Wed Feb 17 06:06:14 UTC 2010, 3940, 80, Discharging
Wed Feb 17 06:06:30 UTC 2010, 3928, 79, Discharging
Wed Feb 17 06:06:45 UTC 2010, 3955, 81, Discharging
Wed Feb 17 06:07:00 UTC 2010, 3934, 80, Discharging
Wed Feb 17 06:07:15 UTC 2010, 3934, 80, Discharging
Wed Feb 17 06:07:30 UTC 2010, 3935, 80, Discharging
Wed Feb 17 06:07:45 UTC 2010, 3935, 80, Discharging
Wed Feb 17 06:08:00 UTC 2010, 3933, 80, Discharging
Wed Feb 17 06:08:15 UTC 2010, 3924, 79, Discharging
Wed Feb 17 06:08:30 UTC 2010, 3933, 80, Discharging
Wed Feb 17 06:08:45 UTC 2010, 3933, 80, Discharging
Wed Feb 17 06:09:00 UTC 2010, 3933, 80, Discharging
Wed Feb 17 06:09:15 UTC 2010, 3933, 80, Discharging
Wed Feb 17 06:09:30 UTC 2010, 3918, 78, Discharging
Wed Feb 17 06:09:45 UTC 2010, 3922, 79, Discharging
Wed Feb 17 06:10:00 UTC 2010, 3930, 80, Discharging
Wed Feb 17 06:10:16 UTC 2010, 3912, 77, Discharging
Wed Feb 17 06:10:31 UTC 2010, 3879, 73, Discharging
Wed Feb 17 06:10:46 UTC 2010, 3942, 80, Discharging
Wed Feb 17 06:11:01 UTC 2010, 3914, 78, Discharging
Wed Feb 17 06:11:16 UTC 2010, 3920, 78, Discharging
Wed Feb 17 06:11:31 UTC 2010, 3919, 78, Discharging
Wed Feb 17 06:11:46 UTC 2010, 3886, 74, Discharging
Wed Feb 17 06:12:01 UTC 2010, 3908, 77, Discharging
Wed Feb 17 06:12:16 UTC 2010, 3924, 79, Discharging
Wed Feb 17 06:12:31 UTC 2010, 3909, 77, Discharging
Wed Feb 17 06:12:46 UTC 2010, 3914, 78, Discharging
Wed Feb 17 06:13:01 UTC 2010, 3912, 77, Discharging
Wed Feb 17 06:13:16 UTC 2010, 3931, 80, Discharging
Wed Feb 17 06:13:31 UTC 2010, 3899, 76, Discharging
Wed Feb 17 06:13:46 UTC 2010, 3896, 75, Discharging
Wed Feb 17 06:14:02 UTC 2010, 3920, 78, Discharging
Wed Feb 17 06:14:17 UTC 2010, 3934, 80, Discharging
Wed Feb 17 06:14:32 UTC 2010, 3933, 80, Discharging
Wed Feb 17 06:14:47 UTC 2010, 3882, 74, Discharging
Wed Feb 17 06:15:02 UTC 2010, 3934, 80, Discharging
Wed Feb 17 06:15:17 UTC 2010, 3918, 78, Discharging
Wed Feb 17 06:15:32 UTC 2010, 3935, 80, Discharging
Wed Feb 17 06:15:47 UTC 2010, 3887, 74, Discharging
Wed Feb 17 06:16:02 UTC 2010, 3916, 78, Discharging
Wed Feb 17 06:16:17 UTC 2010, 3871, 72, Discharging
Wed Feb 17 06:16:32 UTC 2010, 3928, 79, Discharging
Wed Feb 17 06:16:47 UTC 2010, 3866, 72, Discharging
Wed Feb 17 06:17:02 UTC 2010, 3911, 77, Discharging
Wed Feb 17 06:17:17 UTC 2010, 3933, 80, Discharging
Wed Feb 17 06:17:33 UTC 2010, 3935, 80, Discharging
Wed Feb 17 06:17:48 UTC 2010, 3904, 76, Discharging
Wed Feb 17 06:18:03 UTC 2010, 3915, 78, Discharging
Wed Feb 17 06:18:18 UTC 2010, 3906, 77, Discharging
Wed Feb 17 06:18:33 UTC 2010, 3902, 76, Discharging
Wed Feb 17 06:18:48 UTC 2010, 3929, 79, Discharging
Wed Feb 17 06:19:03 UTC 2010, 3889, 75, Discharging
Wed Feb 17 06:19:18 UTC 2010, 3872, 73, Discharging
Wed Feb 17 06:19:33 UTC 2010, 3889, 75, Discharging
Wed Feb 17 06:19:48 UTC 2010, 3899, 76, Discharging
Wed Feb 17 06:20:03 UTC 2010, 3903, 76, Discharging
Wed Feb 17 06:20:18 UTC 2010, 3900, 76, Discharging
Wed Feb 17 06:20:33 UTC 2010, 3895, 75, Discharging
Wed Feb 17 06:20:48 UTC 2010, 3893, 75, Discharging
Wed Feb 17 06:21:03 UTC 2010, 3902, 76, Discharging
Wed Feb 17 06:21:18 UTC 2010, 3904, 76, Discharging
Wed Feb 17 06:21:33 UTC 2010, 3869, 72, Discharging
Wed Feb 17 06:21:48 UTC 2010, 3860, 71, Discharging
Wed Feb 17 06:22:04 UTC 2010, 3897, 76, Discharging
Wed Feb 17 06:22:19 UTC 2010, 3849, 70, Discharging
Wed Feb 17 06:22:34 UTC 2010, 3916, 78, Discharging
Wed Feb 17 06:22:49 UTC 2010, 3903, 76, Discharging
Wed Feb 17 06:23:04 UTC 2010, 3847, 70, Discharging
Wed Feb 17 06:23:19 UTC 2010, 3866, 72, Discharging
Wed Feb 17 06:23:34 UTC 2010, 3891, 75, Discharging
Wed Feb 17 06:23:49 UTC 2010, 3903, 76, Discharging
Wed Feb 17 06:24:04 UTC 2010, 3870, 72, Discharging
Wed Feb 17 06:24:19 UTC 2010, 3843, 69, Discharging
Wed Feb 17 06:24:34 UTC 2010, 3846, 69, Discharging
Wed Feb 17 06:24:49 UTC 2010, 3877, 73, Discharging
Wed Feb 17 06:25:04 UTC 2010, 3889, 75, Discharging
Wed Feb 17 06:25:19 UTC 2010, 3885, 74, Discharging
Wed Feb 17 06:25:34 UTC 2010, 3886, 74, Discharging
Wed Feb 17 06:25:50 UTC 2010, 3882, 74, Discharging
Wed Feb 17 06:26:05 UTC 2010, 3887, 74, Discharging
Wed Feb 17 06:26:20 UTC 2010, 3887, 74, Discharging
Wed Feb 17 06:26:35 UTC 2010, 3910, 77, Discharging
Wed Feb 17 06:26:50 UTC 2010, 3888, 74, Discharging
Wed Feb 17 06:27:05 UTC 2010, 3886, 74, Discharging
Wed Feb 17 06:27:20 UTC 2010, 3887, 74, Discharging
Wed Feb 17 06:27:35 UTC 2010, 3885, 74, Discharging
Wed Feb 17 06:27:50 UTC 2010, 3882, 74, Discharging
Wed Feb 17 06:28:05 UTC 2010, 3865, 72, Discharging
Wed Feb 17 06:28:20 UTC 2010, 3884, 74, Discharging
Wed Feb 17 06:28:35 UTC 2010, 3885, 74, Discharging
Wed Feb 17 06:28:50 UTC 2010, 3887, 74, Discharging
Wed Feb 17 06:29:05 UTC 2010, 3901, 76, Discharging
Wed Feb 17 06:29:21 UTC 2010, 3881, 74, Discharging
Wed Feb 17 06:29:36 UTC 2010, 3884, 74, Discharging
Wed Feb 17 06:29:51 UTC 2010, 3905, 77, Discharging
Wed Feb 17 06:30:06 UTC 2010, 3869, 72, Discharging
Wed Feb 17 06:30:21 UTC 2010, 3880, 74, Discharging
Wed Feb 17 06:30:36 UTC 2010, 3864, 72, Discharging
Wed Feb 17 06:30:51 UTC 2010, 3830, 68, Discharging
Wed Feb 17 06:31:06 UTC 2010, 3865, 72, Discharging
Wed Feb 17 06:31:21 UTC 2010, 3886, 74, Discharging
Wed Feb 17 06:31:36 UTC 2010, 3898, 76, Discharging
Wed Feb 17 06:31:51 UTC 2010, 3873, 73, Discharging
Wed Feb 17 06:32:06 UTC 2010, 3872, 73, Discharging
Wed Feb 17 06:32:21 UTC 2010, 3898, 76, Discharging
Wed Feb 17 06:32:36 UTC 2010, 3864, 72, Discharging
Wed Feb 17 06:32:51 UTC 2010, 3874, 73, Discharging
Wed Feb 17 06:33:07 UTC 2010, 3876, 73, Discharging
Wed Feb 17 06:33:22 UTC 2010, 3871, 72, Discharging
Wed Feb 17 06:33:37 UTC 2010, 3875, 73, Discharging
Wed Feb 17 06:33:52 UTC 2010, 3897, 76, Discharging
Wed Feb 17 06:34:07 UTC 2010, 3898, 76, Discharging
Wed Feb 17 06:34:22 UTC 2010, 3859, 71, Discharging
Wed Feb 17 06:34:37 UTC 2010, 3874, 73, Discharging
Wed Feb 17 06:34:52 UTC 2010, 3895, 75, Discharging
Wed Feb 17 06:35:07 UTC 2010, 3862, 71, Discharging
Wed Feb 17 06:35:22 UTC 2010, 3869, 72, Discharging
Wed Feb 17 06:35:37 UTC 2010, 3863, 71, Discharging
Wed Feb 17 06:35:52 UTC 2010, 3870, 72, Discharging
Wed Feb 17 06:36:07 UTC 2010, 3870, 72, Discharging
Wed Feb 17 06:36:22 UTC 2010, 3866, 72, Discharging
Wed Feb 17 06:36:37 UTC 2010, 3892, 75, Discharging
Wed Feb 17 06:36:53 UTC 2010, 3866, 72, Discharging
Wed Feb 17 06:37:08 UTC 2010, 3856, 71, Discharging
Wed Feb 17 06:37:23 UTC 2010, 3831, 68, Discharging
Wed Feb 17 06:37:38 UTC 2010, 3863, 71, Discharging
Wed Feb 17 06:37:53 UTC 2010, 3833, 68, Discharging
Wed Feb 17 06:38:08 UTC 2010, 3865, 72, Discharging
Wed Feb 17 06:38:23 UTC 2010, 3861, 71, Discharging
Wed Feb 17 06:38:38 UTC 2010, 3862, 71, Discharging
Wed Feb 17 06:38:53 UTC 2010, 3885, 74, Discharging
Wed Feb 17 06:39:08 UTC 2010, 3826, 67, Discharging
Wed Feb 17 06:39:23 UTC 2010, 3861, 71, Discharging
Wed Feb 17 06:39:38 UTC 2010, 3849, 70, Discharging
Wed Feb 17 06:39:53 UTC 2010, 3883, 74, Discharging
Wed Feb 17 06:40:08 UTC 2010, 3858, 71, Discharging
Wed Feb 17 06:40:23 UTC 2010, 3849, 70, Discharging
Wed Feb 17 06:40:39 UTC 2010, 3862, 71, Discharging
Wed Feb 17 06:40:54 UTC 2010, 3857, 71, Discharging
Wed Feb 17 06:41:09 UTC 2010, 3834, 68, Discharging
Wed Feb 17 06:41:24 UTC 2010, 3878, 73, Discharging
Wed Feb 17 06:41:39 UTC 2010, 3871, 72, Discharging
Wed Feb 17 06:41:54 UTC 2010, 3860, 71, Discharging
Wed Feb 17 06:42:09 UTC 2010, 3858, 71, Discharging
Wed Feb 17 06:42:24 UTC 2010, 3879, 73, Discharging
Wed Feb 17 06:42:39 UTC 2010, 3853, 70, Discharging
Wed Feb 17 06:42:54 UTC 2010, 3840, 69, Discharging
Wed Feb 17 06:43:09 UTC 2010, 3857, 71, Discharging
Wed Feb 17 06:43:24 UTC 2010, 3857, 71, Discharging
Wed Feb 17 06:43:39 UTC 2010, 3878, 73, Discharging
Wed Feb 17 06:43:54 UTC 2010, 3852, 70, Discharging
Wed Feb 17 06:44:09 UTC 2010, 3813, 65, Discharging
Wed Feb 17 06:44:25 UTC 2010, 3830, 68, Discharging
Wed Feb 17 06:44:40 UTC 2010, 3876, 73, Discharging
Wed Feb 17 06:44:55 UTC 2010, 3876, 73, Discharging
Wed Feb 17 06:45:10 UTC 2010, 3834, 68, Discharging
Wed Feb 17 06:45:25 UTC 2010, 3826, 67, Discharging
Wed Feb 17 06:45:40 UTC 2010, 3850, 70, Discharging
Wed Feb 17 06:45:55 UTC 2010, 3863, 71, Discharging
Wed Feb 17 06:46:10 UTC 2010, 3870, 72, Discharging
Wed Feb 17 06:46:25 UTC 2010, 3854, 70, Discharging
Wed Feb 17 06:46:40 UTC 2010, 3809, 65, Discharging
Wed Feb 17 06:46:55 UTC 2010, 3817, 66, Discharging
Wed Feb 17 06:47:10 UTC 2010, 3795, 63, Discharging
Wed Feb 17 06:47:25 UTC 2010, 3833, 68, Discharging
Wed Feb 17 06:47:40 UTC 2010, 3806, 65, Discharging
Wed Feb 17 06:47:55 UTC 2010, 3868, 72, Discharging
Wed Feb 17 06:48:11 UTC 2010, 3871, 72, Discharging
Wed Feb 17 06:48:26 UTC 2010, 3872, 73, Discharging
Wed Feb 17 06:48:41 UTC 2010, 3873, 73, Discharging
Wed Feb 17 06:48:56 UTC 2010, 3872, 73, Discharging
Wed Feb 17 06:49:11 UTC 2010, 3873, 73, Discharging
Wed Feb 17 06:49:26 UTC 2010, 3869, 72, Discharging
Wed Feb 17 06:49:41 UTC 2010, 3873, 73, Discharging
Wed Feb 17 06:49:56 UTC 2010, 3870, 72, Discharging
Wed Feb 17 06:50:11 UTC 2010, 3869, 72, Discharging
Wed Feb 17 06:50:26 UTC 2010, 3866, 73, Discharging
Wed Feb 17 06:50:41 UTC 2010, 3873, 73, Discharging
Wed Feb 17 06:50:56 UTC 2010, 3873, 73, Discharging
Wed Feb 17 06:51:11 UTC 2010, 3873, 73, Discharging
Wed Feb 17 06:51:26 UTC 2010, 3872, 73, Discharging
Wed Feb 17 06:51:42 UTC 2010, 3872, 73, Discharging
Wed Feb 17 06:51:57 UTC 2010, 3873, 73, Discharging
Wed Feb 17 06:52:12 UTC 2010, 3872, 73, Discharging
Wed Feb 17 06:52:27 UTC 2010, 3817, 66, Discharging
Wed Feb 17 06:52:42 UTC 2010, 3864, 72, Discharging
Wed Feb 17 06:52:57 UTC 2010, 3868, 72, Discharging
Wed Feb 17 06:53:12 UTC 2010, 3869, 72, Discharging
Wed Feb 17 06:53:27 UTC 2010, 3857, 71, Discharging
Wed Feb 17 06:53:42 UTC 2010, 3801, 64, Discharging
Wed Feb 17 06:53:57 UTC 2010, 3802, 64, Discharging
Wed Feb 17 06:54:12 UTC 2010, 3808, 65, Discharging
Wed Feb 17 06:54:27 UTC 2010, 3865, 72, Discharging
Wed Feb 17 06:54:42 UTC 2010, 3865, 72, Discharging
Wed Feb 17 06:54:57 UTC 2010, 3797, 64, Discharging
Wed Feb 17 06:55:13 UTC 2010, 3845, 69, Discharging
Wed Feb 17 06:55:28 UTC 2010, 3865, 72, Discharging
Wed Feb 17 06:55:43 UTC 2010, 3859, 71, Discharging
Wed Feb 17 06:55:58 UTC 2010, 3805, 65, Discharging
Wed Feb 17 06:56:13 UTC 2010, 3841, 69, Discharging
Wed Feb 17 06:56:28 UTC 2010, 3859, 71, Discharging
Wed Feb 17 06:56:43 UTC 2010, 3863, 71, Discharging
Wed Feb 17 06:56:58 UTC 2010, 3860, 71, Discharging
Wed Feb 17 06:57:13 UTC 2010, 3864, 72, Discharging
Wed Feb 17 06:57:28 UTC 2010, 3864, 72, Discharging
Wed Feb 17 06:57:43 UTC 2010, 3864, 72, Discharging
Wed Feb 17 06:57:58 UTC 2010, 3864, 72, Discharging
Wed Feb 17 06:58:13 UTC 2010, 3864, 72, Discharging
Wed Feb 17 06:58:28 UTC 2010, 3863, 71, Discharging
Wed Feb 17 06:58:43 UTC 2010, 3863, 71, Discharging
Wed Feb 17 06:58:59 UTC 2010, 3863, 71, Discharging
Wed Feb 17 06:59:14 UTC 2010, 3860, 71, Discharging
Wed Feb 17 06:59:29 UTC 2010, 3821, 66, Discharging
Wed Feb 17 06:59:44 UTC 2010, 3860, 71, Discharging
Wed Feb 17 06:59:59 UTC 2010, 3856, 71, Discharging
Wed Feb 17 07:00:14 UTC 2010, 3859, 71, Discharging
Wed Feb 17 07:00:29 UTC 2010, 3861, 71, Discharging
Wed Feb 17 07:00:44 UTC 2010, 3862, 71, Discharging
Wed Feb 17 07:00:59 UTC 2010, 3857, 71, Discharging
Wed Feb 17 07:01:14 UTC 2010, 3861, 71, Discharging
Wed Feb 17 07:01:29 UTC 2010, 3860, 71, Discharging
Wed Feb 17 07:01:44 UTC 2010, 3861, 71, Discharging
Wed Feb 17 07:01:59 UTC 2010, 3861, 71, Discharging
Wed Feb 17 07:02:14 UTC 2010, 3860, 71, Discharging
Wed Feb 17 07:02:30 UTC 2010, 3861, 71, Discharging
Wed Feb 17 07:02:45 UTC 2010, 3790, 63, Discharging
Wed Feb 17 07:03:00 UTC 2010, 3855, 71, Discharging
Wed Feb 17 07:03:15 UTC 2010, 3812, 65, Discharging
Wed Feb 17 07:03:30 UTC 2010, 3851, 70, Discharging
Wed Feb 17 07:03:45 UTC 2010, 3851, 70, Discharging
Wed Feb 17 07:04:00 UTC 2010, 3855, 71, Discharging
Wed Feb 17 07:04:15 UTC 2010, 3854, 70, Discharging
Wed Feb 17 07:04:30 UTC 2010, 3842, 69, Discharging
Wed Feb 17 07:04:45 UTC 2010, 3852, 70, Discharging
Wed Feb 17 07:05:00 UTC 2010, 3854, 70, Discharging
Wed Feb 17 07:05:15 UTC 2010, 3854, 70, Discharging
Wed Feb 17 07:05:30 UTC 2010, 3852, 70, Discharging
Wed Feb 17 07:05:45 UTC 2010, 3823, 67, Discharging
Wed Feb 17 07:06:00 UTC 2010, 3830, 68, Discharging
Wed Feb 17 07:06:16 UTC 2010, 3846, 69, Discharging
Wed Feb 17 07:06:31 UTC 2010, 3851, 70, Discharging
Wed Feb 17 07:06:46 UTC 2010, 3848, 70, Discharging
Wed Feb 17 07:07:01 UTC 2010, 3851, 70, Discharging
Wed Feb 17 07:07:16 UTC 2010, 3853, 70, Discharging
Wed Feb 17 07:07:31 UTC 2010, 3836, 68, Discharging
Wed Feb 17 07:07:46 UTC 2010, 3841, 69, Discharging
Wed Feb 17 07:08:01 UTC 2010, 3850, 70, Discharging
Wed Feb 17 07:08:16 UTC 2010, 3771, 60, Discharging
Wed Feb 17 07:08:31 UTC 2010, 3848, 70, Discharging
Wed Feb 17 07:08:46 UTC 2010, 3848, 70, Discharging
Wed Feb 17 07:09:01 UTC 2010, 3850, 70, Discharging
Wed Feb 17 07:09:16 UTC 2010, 3848, 70, Discharging
Wed Feb 17 07:09:31 UTC 2010, 3844, 69, Discharging
Wed Feb 17 07:09:46 UTC 2010, 3850, 70, Discharging
Wed Feb 17 07:10:02 UTC 2010, 3849, 70, Discharging
Wed Feb 17 07:10:17 UTC 2010, 3849, 70, Discharging
Wed Feb 17 07:10:32 UTC 2010, 3845, 69, Discharging
Wed Feb 17 07:10:47 UTC 2010, 3850, 70, Discharging
Wed Feb 17 07:11:02 UTC 2010, 3792, 63, Discharging
Wed Feb 17 07:11:17 UTC 2010, 3843, 69, Discharging
Wed Feb 17 07:11:32 UTC 2010, 3846, 69, Discharging
Wed Feb 17 07:11:47 UTC 2010, 3813, 65, Discharging
Wed Feb 17 07:12:02 UTC 2010, 3825, 67, Discharging
Wed Feb 17 07:12:17 UTC 2010, 3843, 69, Discharging
Wed Feb 17 07:12:32 UTC 2010, 3774, 61, Discharging
Wed Feb 17 07:12:47 UTC 2010, 3841, 69, Discharging
Wed Feb 17 07:13:02 UTC 2010, 3842, 69, Discharging
Wed Feb 17 07:13:17 UTC 2010, 3841, 69, Discharging
Wed Feb 17 07:13:32 UTC 2010, 3841, 69, Discharging
Wed Feb 17 07:13:48 UTC 2010, 3838, 68, Discharging
Wed Feb 17 07:14:03 UTC 2010, 3838, 68, Discharging
Wed Feb 17 07:14:18 UTC 2010, 3844, 69, Discharging
Wed Feb 17 07:14:33 UTC 2010, 3842, 69, Discharging
Wed Feb 17 07:14:48 UTC 2010, 3844, 69, Discharging
Wed Feb 17 07:15:03 UTC 2010, 3841, 69, Discharging
Wed Feb 17 07:15:18 UTC 2010, 3843, 69, Discharging
Wed Feb 17 07:15:33 UTC 2010, 3844, 69, Discharging
Wed Feb 17 07:15:48 UTC 2010, 3841, 69, Discharging
Wed Feb 17 07:16:03 UTC 2010, 3841, 69, Discharging
Wed Feb 17 07:16:18 UTC 2010, 3842, 69, Discharging
Wed Feb 17 07:16:33 UTC 2010, 3841, 69, Discharging
Wed Feb 17 07:16:48 UTC 2010, 3842, 69, Discharging
Wed Feb 17 07:17:03 UTC 2010, 3833, 68, Discharging
Wed Feb 17 07:17:19 UTC 2010, 3774, 61, Discharging
Wed Feb 17 07:17:34 UTC 2010, 3836, 68, Discharging
Wed Feb 17 07:17:49 UTC 2010, 3837, 68, Discharging
Wed Feb 17 07:18:04 UTC 2010, 3837, 68, Discharging
Wed Feb 17 07:18:19 UTC 2010, 3794, 63, Discharging
Wed Feb 17 07:18:34 UTC 2010, 3837, 68, Discharging
Wed Feb 17 07:18:49 UTC 2010, 3803, 64, Discharging
Wed Feb 17 07:19:04 UTC 2010, 3836, 68, Discharging
Wed Feb 17 07:19:19 UTC 2010, 3834, 68, Discharging
Wed Feb 17 07:19:34 UTC 2010, 3838, 68, Discharging
Wed Feb 17 07:19:49 UTC 2010, 3804, 64, Discharging
Wed Feb 17 07:20:04 UTC 2010, 3837, 68, Discharging
Wed Feb 17 07:20:19 UTC 2010, 3778, 61, Discharging
Wed Feb 17 07:20:34 UTC 2010, 3828, 67, Discharging
Wed Feb 17 07:20:49 UTC 2010, 3794, 63, Discharging
Wed Feb 17 07:21:05 UTC 2010, 3809, 65, Discharging
Wed Feb 17 07:21:20 UTC 2010, 3832, 68, Discharging
Wed Feb 17 07:21:35 UTC 2010, 3765, 60, Discharging
Wed Feb 17 07:21:50 UTC 2010, 3829, 67, Discharging
Wed Feb 17 07:22:05 UTC 2010, 3829, 67, Discharging
Wed Feb 17 07:22:20 UTC 2010, 3761, 59, Discharging
Wed Feb 17 07:22:35 UTC 2010, 3829, 67, Discharging
Wed Feb 17 07:22:50 UTC 2010, 3831, 68, Discharging
Wed Feb 17 07:23:05 UTC 2010, 3832, 68, Discharging
Wed Feb 17 07:23:20 UTC 2010, 3827, 67, Discharging
Wed Feb 17 07:23:35 UTC 2010, 3827, 67, Discharging
Wed Feb 17 07:23:50 UTC 2010, 3771, 60, Discharging
Wed Feb 17 07:24:05 UTC 2010, 3825, 67, Discharging
Wed Feb 17 07:24:20 UTC 2010, 3830, 68, Discharging
Wed Feb 17 07:24:35 UTC 2010, 3829, 67, Discharging
Wed Feb 17 07:24:51 UTC 2010, 3832, 68, Discharging
Wed Feb 17 07:25:06 UTC 2010, 3828, 67, Discharging
Wed Feb 17 07:25:21 UTC 2010, 3832, 68, Discharging
Wed Feb 17 07:25:36 UTC 2010, 3825, 67, Discharging
Wed Feb 17 07:25:51 UTC 2010, 3831, 68, Discharging
Wed Feb 17 07:26:06 UTC 2010, 3831, 68, Discharging
Wed Feb 17 07:26:21 UTC 2010, 3830, 68, Discharging
Wed Feb 17 07:26:36 UTC 2010, 3831, 68, Discharging
Wed Feb 17 07:26:51 UTC 2010, 3826, 67, Discharging
Wed Feb 17 07:27:06 UTC 2010, 3828, 67, Discharging
Wed Feb 17 07:27:21 UTC 2010, 3828, 67, Discharging
Wed Feb 17 07:27:36 UTC 2010, 3830, 68, Discharging
Wed Feb 17 07:27:51 UTC 2010, 3830, 68, Discharging
Wed Feb 17 07:28:06 UTC 2010, 3829, 67, Discharging
Wed Feb 17 07:28:22 UTC 2010, 3830, 68, Discharging
Wed Feb 17 07:28:37 UTC 2010, 3792, 63, Discharging
Wed Feb 17 07:28:52 UTC 2010, 3818, 66, Discharging
Wed Feb 17 07:29:07 UTC 2010, 3794, 63, Discharging
Wed Feb 17 07:29:22 UTC 2010, 3823, 67, Discharging
Wed Feb 17 07:29:37 UTC 2010, 3826, 67, Discharging
Wed Feb 17 07:29:52 UTC 2010, 3761, 59, Discharging
Wed Feb 17 07:30:07 UTC 2010, 3823, 67, Discharging
Wed Feb 17 07:30:22 UTC 2010, 3823, 67, Discharging
Wed Feb 17 07:30:37 UTC 2010, 3825, 67, Discharging
Wed Feb 17 07:30:52 UTC 2010, 3820, 66, Discharging
Wed Feb 17 07:31:07 UTC 2010, 3825, 67, Discharging
Wed Feb 17 07:31:22 UTC 2010, 3762, 59, Discharging
Wed Feb 17 07:31:37 UTC 2010, 3787, 62, Discharging
Wed Feb 17 07:31:52 UTC 2010, 3820, 66, Discharging
Wed Feb 17 07:32:08 UTC 2010, 3823, 67, Discharging
Wed Feb 17 07:32:23 UTC 2010, 3783, 62, Discharging
Wed Feb 17 07:32:38 UTC 2010, 3823, 67, Discharging
Wed Feb 17 07:32:53 UTC 2010, 3823, 67, Discharging
Wed Feb 17 07:33:08 UTC 2010, 3822, 67, Discharging
Wed Feb 17 07:33:23 UTC 2010, 3755, 58, Discharging
Wed Feb 17 07:33:38 UTC 2010, 3819, 66, Discharging
Wed Feb 17 07:33:53 UTC 2010, 3820, 66, Discharging
Wed Feb 17 07:34:08 UTC 2010, 3822, 67, Discharging
Wed Feb 17 07:34:23 UTC 2010, 3821, 66, Discharging
Wed Feb 17 07:34:38 UTC 2010, 3810, 65, Discharging
Wed Feb 17 07:34:53 UTC 2010, 3803, 64, Discharging
Wed Feb 17 07:35:08 UTC 2010, 3822, 67, Discharging
Wed Feb 17 07:35:23 UTC 2010, 3815, 66, Discharging
Wed Feb 17 07:35:38 UTC 2010, 3817, 66, Discharging
Wed Feb 17 07:35:54 UTC 2010, 3749, 57, Discharging
Wed Feb 17 07:36:09 UTC 2010, 3809, 65, Discharging
Wed Feb 17 07:36:24 UTC 2010, 3786, 62, Discharging
Wed Feb 17 07:36:39 UTC 2010, 3817, 66, Discharging
Wed Feb 17 07:36:54 UTC 2010, 3816, 66, Discharging
Wed Feb 17 07:37:09 UTC 2010, 3814, 66, Discharging
Wed Feb 17 07:37:24 UTC 2010, 3753, 57, Discharging
Wed Feb 17 07:37:39 UTC 2010, 3816, 66, Discharging
Wed Feb 17 07:37:54 UTC 2010, 3817, 66, Discharging
Wed Feb 17 07:38:09 UTC 2010, 3756, 58, Discharging
Wed Feb 17 07:38:24 UTC 2010, 3814, 66, Discharging
Wed Feb 17 07:38:39 UTC 2010, 3814, 66, Discharging
Wed Feb 17 07:38:54 UTC 2010, 3812, 65, Discharging
Wed Feb 17 07:39:09 UTC 2010, 3748, 56, Discharging
Wed Feb 17 07:39:24 UTC 2010, 3809, 65, Discharging
Wed Feb 17 07:39:40 UTC 2010, 3816, 66, Discharging
Wed Feb 17 07:39:55 UTC 2010, 3815, 66, Discharging
Wed Feb 17 07:40:10 UTC 2010, 3818, 66, Discharging
Wed Feb 17 07:40:25 UTC 2010, 3817, 66, Discharging
Wed Feb 17 07:40:40 UTC 2010, 3814, 66, Discharging
Wed Feb 17 07:40:55 UTC 2010, 3817, 66, Discharging
Wed Feb 17 07:41:10 UTC 2010, 3811, 65, Discharging
Wed Feb 17 07:41:25 UTC 2010, 3813, 65, Discharging
Wed Feb 17 07:41:40 UTC 2010, 3813, 65, Discharging
Wed Feb 17 07:41:55 UTC 2010, 3812, 65, Discharging
Wed Feb 17 07:42:10 UTC 2010, 3815, 66, Discharging
Wed Feb 17 07:42:25 UTC 2010, 3812, 65, Discharging
Wed Feb 17 07:42:40 UTC 2010, 3816, 66, Discharging
Wed Feb 17 07:42:55 UTC 2010, 3815, 66, Discharging
Wed Feb 17 07:43:11 UTC 2010, 3815, 66, Discharging
Wed Feb 17 07:43:26 UTC 2010, 3815, 66, Discharging
Wed Feb 17 07:43:41 UTC 2010, 3811, 65, Discharging
Wed Feb 17 07:43:56 UTC 2010, 3812, 65, Discharging
Wed Feb 17 07:44:11 UTC 2010, 3814, 66, Discharging
Wed Feb 17 07:44:26 UTC 2010, 3815, 66, Discharging
Wed Feb 17 07:44:41 UTC 2010, 3814, 66, Discharging
Wed Feb 17 07:44:56 UTC 2010, 3812, 65, Discharging
Wed Feb 17 07:45:11 UTC 2010, 3815, 66, Discharging
Wed Feb 17 07:45:26 UTC 2010, 3814, 66, Discharging
Wed Feb 17 07:45:41 UTC 2010, 3815, 66, Discharging
Wed Feb 17 07:45:56 UTC 2010, 3814, 66, Discharging
Wed Feb 17 07:46:11 UTC 2010, 3813, 65, Discharging
Wed Feb 17 07:46:26 UTC 2010, 3814, 66, Discharging
Wed Feb 17 07:46:41 UTC 2010, 3800, 64, Discharging
Wed Feb 17 07:46:57 UTC 2010, 3757, 58, Discharging
Wed Feb 17 07:47:12 UTC 2010, 3805, 65, Discharging
Wed Feb 17 07:47:27 UTC 2010, 3808, 65, Discharging
Wed Feb 17 07:47:42 UTC 2010, 3797, 64, Discharging
Wed Feb 17 07:47:57 UTC 2010, 3811, 65, Discharging
Wed Feb 17 07:48:12 UTC 2010, 3811, 65, Discharging
Wed Feb 17 07:48:27 UTC 2010, 3812, 65, Discharging
Wed Feb 17 07:48:42 UTC 2010, 3810, 65, Discharging
Wed Feb 17 07:48:57 UTC 2010, 3747, 56, Discharging
Wed Feb 17 07:49:12 UTC 2010, 3809, 65, Discharging
Wed Feb 17 07:49:27 UTC 2010, 3810, 65, Discharging
Wed Feb 17 07:49:42 UTC 2010, 3810, 65, Discharging
Wed Feb 17 07:49:57 UTC 2010, 3804, 64, Discharging
Wed Feb 17 07:50:12 UTC 2010, 3810, 65, Discharging
Wed Feb 17 07:50:28 UTC 2010, 3810, 65, Discharging
Wed Feb 17 07:50:43 UTC 2010, 3809, 65, Discharging
Wed Feb 17 07:50:58 UTC 2010, 3810, 65, Discharging
Wed Feb 17 07:51:13 UTC 2010, 3809, 65, Discharging
Wed Feb 17 07:51:28 UTC 2010, 3809, 65, Discharging
Wed Feb 17 07:51:43 UTC 2010, 3808, 65, Discharging
Wed Feb 17 07:51:58 UTC 2010, 3806, 65, Discharging
Wed Feb 17 07:52:13 UTC 2010, 3799, 64, Discharging
Wed Feb 17 07:52:28 UTC 2010, 3755, 58, Discharging
Wed Feb 17 07:52:43 UTC 2010, 3798, 64, Discharging
Wed Feb 17 07:52:58 UTC 2010, 3804, 64, Discharging
Wed Feb 17 07:53:13 UTC 2010, 3805, 65, Discharging
Wed Feb 17 07:53:28 UTC 2010, 3806, 65, Discharging
Wed Feb 17 07:53:43 UTC 2010, 3806, 65, Discharging
Wed Feb 17 07:53:58 UTC 2010, 3804, 64, Discharging
Wed Feb 17 07:54:14 UTC 2010, 3806, 65, Discharging
Wed Feb 17 07:54:29 UTC 2010, 3806, 65, Discharging
Wed Feb 17 07:54:44 UTC 2010, 3805, 65, Discharging
Wed Feb 17 07:54:59 UTC 2010, 3806, 65, Discharging
Wed Feb 17 07:55:14 UTC 2010, 3805, 65, Discharging
Wed Feb 17 07:55:29 UTC 2010, 3802, 64, Discharging
Wed Feb 17 07:55:44 UTC 2010, 3735, 54, Discharging
Wed Feb 17 07:55:59 UTC 2010, 3802, 64, Discharging
Wed Feb 17 07:56:14 UTC 2010, 3803, 64, Discharging
Wed Feb 17 07:56:29 UTC 2010, 3798, 64, Discharging
Wed Feb 17 07:56:44 UTC 2010, 3800, 64, Discharging
Wed Feb 17 07:56:59 UTC 2010, 3804, 64, Discharging
Wed Feb 17 07:57:14 UTC 2010, 3801, 64, Discharging
Wed Feb 17 07:57:29 UTC 2010, 3797, 64, Discharging
Wed Feb 17 07:57:44 UTC 2010, 3800, 64, Discharging
Wed Feb 17 07:58:00 UTC 2010, 3804, 64, Discharging
Wed Feb 17 07:58:15 UTC 2010, 3804, 64, Discharging
Wed Feb 17 07:58:30 UTC 2010, 3804, 64, Discharging
Wed Feb 17 07:58:45 UTC 2010, 3803, 64, Discharging
Wed Feb 17 07:59:00 UTC 2010, 3803, 64, Discharging
Wed Feb 17 07:59:15 UTC 2010, 3766, 60, Discharging
Wed Feb 17 07:59:30 UTC 2010, 3800, 64, Discharging
Wed Feb 17 07:59:45 UTC 2010, 3795, 63, Discharging
Wed Feb 17 08:00:00 UTC 2010, 3802, 64, Discharging
Wed Feb 17 08:00:15 UTC 2010, 3803, 64, Discharging
Wed Feb 17 08:00:30 UTC 2010, 3803, 64, Discharging
Wed Feb 17 08:00:45 UTC 2010, 3803, 64, Discharging
Wed Feb 17 08:01:00 UTC 2010, 3799, 64, Discharging
Wed Feb 17 08:01:15 UTC 2010, 3803, 64, Discharging
Wed Feb 17 08:01:31 UTC 2010, 3802, 64, Discharging
Wed Feb 17 08:01:46 UTC 2010, 3801, 64, Discharging
Wed Feb 17 08:02:01 UTC 2010, 3802, 64, Discharging
Wed Feb 17 08:02:16 UTC 2010, 3803, 64, Discharging
Wed Feb 17 08:02:31 UTC 2010, 3798, 64, Discharging
Wed Feb 17 08:02:46 UTC 2010, 3801, 64, Discharging
Wed Feb 17 08:03:01 UTC 2010, 3801, 64, Discharging
Wed Feb 17 08:03:16 UTC 2010, 3801, 64, Discharging
Wed Feb 17 08:03:31 UTC 2010, 3800, 64, Discharging
Wed Feb 17 08:03:46 UTC 2010, 3800, 64, Discharging
Wed Feb 17 08:04:01 UTC 2010, 3799, 64, Discharging
Wed Feb 17 08:04:16 UTC 2010, 3748, 56, Discharging
Wed Feb 17 08:04:31 UTC 2010, 3793, 63, Discharging
Wed Feb 17 08:04:46 UTC 2010, 3796, 63, Discharging
Wed Feb 17 08:05:01 UTC 2010, 3798, 64, Discharging
Wed Feb 17 08:05:17 UTC 2010, 3798, 64, Discharging
Wed Feb 17 08:05:32 UTC 2010, 3794, 63, Discharging
Wed Feb 17 08:05:47 UTC 2010, 3790, 63, Discharging
Wed Feb 17 08:06:02 UTC 2010, 3788, 62, Discharging
Wed Feb 17 08:06:17 UTC 2010, 3797, 64, Discharging
Wed Feb 17 08:06:32 UTC 2010, 3798, 64, Discharging
Wed Feb 17 08:06:47 UTC 2010, 3798, 64, Discharging
Wed Feb 17 08:07:02 UTC 2010, 3798, 64, Discharging
Wed Feb 17 08:07:17 UTC 2010, 3798, 64, Discharging
Wed Feb 17 08:07:32 UTC 2010, 3750, 57, Discharging
Wed Feb 17 08:07:47 UTC 2010, 3791, 63, Discharging
Wed Feb 17 08:08:02 UTC 2010, 3795, 63, Discharging
Wed Feb 17 08:08:17 UTC 2010, 3793, 63, Discharging
Wed Feb 17 08:08:32 UTC 2010, 3796, 63, Discharging
Wed Feb 17 08:08:48 UTC 2010, 3796, 63, Discharging
Wed Feb 17 08:09:03 UTC 2010, 3796, 63, Discharging
Wed Feb 17 08:09:18 UTC 2010, 3772, 61, Discharging
Wed Feb 17 08:09:33 UTC 2010, 3793, 63, Discharging
Wed Feb 17 08:09:48 UTC 2010, 3795, 63, Discharging
Wed Feb 17 08:10:03 UTC 2010, 3794, 63, Discharging
Wed Feb 17 08:10:18 UTC 2010, 3788, 62, Discharging
Wed Feb 17 08:10:33 UTC 2010, 3791, 63, Discharging
Wed Feb 17 08:10:48 UTC 2010, 3794, 63, Discharging
Wed Feb 17 08:11:03 UTC 2010, 3792, 63, Discharging
Wed Feb 17 08:11:18 UTC 2010, 3795, 63, Discharging
Wed Feb 17 08:11:33 UTC 2010, 3794, 63, Discharging
Wed Feb 17 08:11:48 UTC 2010, 3795, 63, Discharging
Wed Feb 17 08:12:03 UTC 2010, 3790, 63, Discharging
Wed Feb 17 08:12:18 UTC 2010, 3795, 63, Discharging
Wed Feb 17 08:12:34 UTC 2010, 3794, 63, Discharging
Wed Feb 17 08:12:49 UTC 2010, 3794, 63, Discharging
Wed Feb 17 08:13:04 UTC 2010, 3794, 63, Discharging
Wed Feb 17 08:13:19 UTC 2010, 3746, 56, Discharging
Wed Feb 17 08:13:34 UTC 2010, 3767, 60, Discharging
Wed Feb 17 08:13:49 UTC 2010, 3789, 63, Discharging
Wed Feb 17 08:14:04 UTC 2010, 3790, 63, Discharging
Wed Feb 17 08:14:19 UTC 2010, 3792, 63, Discharging
Wed Feb 17 08:14:34 UTC 2010, 3792, 63, Discharging
Wed Feb 17 08:14:49 UTC 2010, 3786, 62, Discharging
Wed Feb 17 08:15:04 UTC 2010, 3792, 63, Discharging
Wed Feb 17 08:15:19 UTC 2010, 3787, 62, Discharging
Wed Feb 17 08:15:34 UTC 2010, 3788, 62, Discharging
Wed Feb 17 08:15:49 UTC 2010, 3789, 63, Discharging
Wed Feb 17 08:16:04 UTC 2010, 3785, 62, Discharging
Wed Feb 17 08:16:20 UTC 2010, 3790, 63, Discharging
Wed Feb 17 08:16:35 UTC 2010, 3791, 63, Discharging
Wed Feb 17 08:16:50 UTC 2010, 3791, 63, Discharging
Wed Feb 17 08:17:05 UTC 2010, 3787, 62, Discharging
Wed Feb 17 08:17:20 UTC 2010, 3787, 62, Discharging
Wed Feb 17 08:17:35 UTC 2010, 3790, 63, Discharging
Wed Feb 17 08:17:50 UTC 2010, 3790, 63, Discharging
Wed Feb 17 08:18:05 UTC 2010, 3790, 63, Discharging
Wed Feb 17 08:18:20 UTC 2010, 3763, 60, Discharging
Wed Feb 17 08:18:35 UTC 2010, 3751, 57, Discharging
Wed Feb 17 08:18:50 UTC 2010, 3783, 62, Discharging
Wed Feb 17 08:19:05 UTC 2010, 3784, 62, Discharging
Wed Feb 17 08:19:20 UTC 2010, 3789, 63, Discharging
Wed Feb 17 08:19:35 UTC 2010, 3789, 63, Discharging
Wed Feb 17 08:19:51 UTC 2010, 3789, 63, Discharging
Wed Feb 17 08:20:06 UTC 2010, 3789, 63, Discharging
Wed Feb 17 08:20:21 UTC 2010, 3788, 62, Discharging
Wed Feb 17 08:20:36 UTC 2010, 3789, 63, Discharging
Wed Feb 17 08:20:51 UTC 2010, 3788, 62, Discharging
Wed Feb 17 08:21:06 UTC 2010, 3784, 62, Discharging
Wed Feb 17 08:21:21 UTC 2010, 3785, 62, Discharging
Wed Feb 17 08:21:36 UTC 2010, 3788, 62, Discharging
Wed Feb 17 08:21:51 UTC 2010, 3785, 62, Discharging
Wed Feb 17 08:22:06 UTC 2010, 3787, 62, Discharging
Wed Feb 17 08:22:21 UTC 2010, 3751, 57, Discharging
Wed Feb 17 08:22:36 UTC 2010, 3764, 60, Discharging
Wed Feb 17 08:22:51 UTC 2010, 3705, 48, Discharging
Wed Feb 17 08:23:06 UTC 2010, 3753, 57, Discharging
Wed Feb 17 08:23:21 UTC 2010, 3783, 62, Discharging
Wed Feb 17 08:23:37 UTC 2010, 3783, 62, Discharging
Wed Feb 17 08:23:52 UTC 2010, 3715, 50, Discharging
Wed Feb 17 08:24:07 UTC 2010, 3777, 61, Discharging
Wed Feb 17 08:24:22 UTC 2010, 3783, 62, Discharging
Wed Feb 17 08:24:37 UTC 2010, 3780, 62, Discharging
Wed Feb 17 08:24:52 UTC 2010, 3784, 62, Discharging
Wed Feb 17 08:25:07 UTC 2010, 3781, 62, Discharging
Wed Feb 17 08:25:22 UTC 2010, 3785, 62, Discharging
Wed Feb 17 08:25:37 UTC 2010, 3785, 62, Discharging
Wed Feb 17 08:25:52 UTC 2010, 3784, 62, Discharging
Wed Feb 17 08:26:07 UTC 2010, 3785, 62, Discharging
Wed Feb 17 08:26:22 UTC 2010, 3772, 61, Discharging
Wed Feb 17 08:26:37 UTC 2010, 3784, 62, Discharging
Wed Feb 17 08:26:52 UTC 2010, 3784, 62, Discharging
Wed Feb 17 08:27:07 UTC 2010, 3777, 61, Discharging
Wed Feb 17 08:27:23 UTC 2010, 3782, 62, Discharging
Wed Feb 17 08:27:38 UTC 2010, 3780, 62, Discharging
Wed Feb 17 08:27:53 UTC 2010, 3783, 62, Discharging
Wed Feb 17 08:28:08 UTC 2010, 3780, 62, Discharging
Wed Feb 17 08:28:23 UTC 2010, 3783, 62, Discharging
Wed Feb 17 08:28:38 UTC 2010, 3783, 62, Discharging
Wed Feb 17 08:28:53 UTC 2010, 3779, 61, Discharging
Wed Feb 17 08:29:08 UTC 2010, 3783, 62, Discharging
Wed Feb 17 08:29:23 UTC 2010, 3779, 61, Discharging
Wed Feb 17 08:29:38 UTC 2010, 3782, 62, Discharging
Wed Feb 17 08:29:53 UTC 2010, 3782, 62, Discharging
Wed Feb 17 08:30:08 UTC 2010, 3783, 62, Discharging
Wed Feb 17 08:30:23 UTC 2010, 3783, 62, Discharging
Wed Feb 17 08:30:39 UTC 2010, 3733, 53, Discharging
Wed Feb 17 08:30:54 UTC 2010, 3776, 61, Discharging
Wed Feb 17 08:31:09 UTC 2010, 3729, 53, Discharging
Wed Feb 17 08:31:24 UTC 2010, 3775, 61, Discharging
Wed Feb 17 08:31:39 UTC 2010, 3778, 61, Discharging
Wed Feb 17 08:31:54 UTC 2010, 3780, 62, Discharging
Wed Feb 17 08:32:09 UTC 2010, 3780, 62, Discharging
Wed Feb 17 08:32:24 UTC 2010, 3711, 49, Discharging
Wed Feb 17 08:32:39 UTC 2010, 3772, 61, Discharging
Wed Feb 17 08:32:54 UTC 2010, 3779, 61, Discharging
Wed Feb 17 08:33:09 UTC 2010, 3777, 61, Discharging
Wed Feb 17 08:33:24 UTC 2010, 3779, 61, Discharging
Wed Feb 17 08:33:39 UTC 2010, 3779, 61, Discharging
Wed Feb 17 08:33:54 UTC 2010, 3774, 61, Discharging
Wed Feb 17 08:34:09 UTC 2010, 3778, 61, Discharging
Wed Feb 17 08:34:25 UTC 2010, 3779, 61, Discharging
Wed Feb 17 08:34:40 UTC 2010, 3778, 61, Discharging
Wed Feb 17 08:34:55 UTC 2010, 3780, 62, Discharging
Wed Feb 17 08:35:10 UTC 2010, 3779, 61, Discharging
Wed Feb 17 08:35:25 UTC 2010, 3778, 61, Discharging
Wed Feb 17 08:35:40 UTC 2010, 3778, 61, Discharging
Wed Feb 17 08:35:55 UTC 2010, 3778, 61, Discharging
Wed Feb 17 08:36:10 UTC 2010, 3778, 61, Discharging
Wed Feb 17 08:36:25 UTC 2010, 3778, 61, Discharging
Wed Feb 17 08:36:40 UTC 2010, 3778, 61, Discharging
Wed Feb 17 08:36:55 UTC 2010, 3774, 61, Discharging
Wed Feb 17 08:37:10 UTC 2010, 3778, 61, Discharging
Wed Feb 17 08:37:25 UTC 2010, 3778, 61, Discharging
Wed Feb 17 08:37:40 UTC 2010, 3779, 61, Discharging
Wed Feb 17 08:37:55 UTC 2010, 3779, 61, Discharging
Wed Feb 17 08:38:11 UTC 2010, 3777, 61, Discharging
Wed Feb 17 08:38:26 UTC 2010, 3777, 61, Discharging
Wed Feb 17 08:38:41 UTC 2010, 3777, 61, Discharging
Wed Feb 17 08:38:56 UTC 2010, 3777, 61, Discharging
Wed Feb 17 08:39:11 UTC 2010, 3776, 61, Discharging
Wed Feb 17 08:39:26 UTC 2010, 3776, 61, Discharging
Wed Feb 17 08:39:41 UTC 2010, 3777, 61, Discharging
Wed Feb 17 08:39:56 UTC 2010, 3776, 61, Discharging
Wed Feb 17 08:40:11 UTC 2010, 3695, 46, Discharging
Wed Feb 17 08:40:26 UTC 2010, 3770, 60, Discharging
Wed Feb 17 08:40:41 UTC 2010, 3770, 60, Discharging
Wed Feb 17 08:40:56 UTC 2010, 3773, 61, Discharging
Wed Feb 17 08:41:11 UTC 2010, 3772, 61, Discharging
Wed Feb 17 08:41:27 UTC 2010, 3775, 61, Discharging
Wed Feb 17 08:41:42 UTC 2010, 3775, 61, Discharging
Wed Feb 17 08:41:57 UTC 2010, 3775, 61, Discharging
Wed Feb 17 08:42:12 UTC 2010, 3775, 61, Discharging
Wed Feb 17 08:42:27 UTC 2010, 3764, 60, Discharging
Wed Feb 17 08:42:42 UTC 2010, 3775, 61, Discharging
Wed Feb 17 08:42:57 UTC 2010, 3772, 61, Discharging
Wed Feb 17 08:43:12 UTC 2010, 3771, 60, Discharging
Wed Feb 17 08:43:27 UTC 2010, 3775, 61, Discharging
Wed Feb 17 08:43:42 UTC 2010, 3775, 61, Discharging
Wed Feb 17 08:43:57 UTC 2010, 3728, 52, Discharging
Wed Feb 17 08:44:13 UTC 2010, 3771, 60, Discharging
Wed Feb 17 08:44:28 UTC 2010, 3773, 61, Discharging
Wed Feb 17 08:44:43 UTC 2010, 3773, 61, Discharging
Wed Feb 17 08:44:58 UTC 2010, 3731, 53, Discharging
Wed Feb 17 08:45:13 UTC 2010, 3770, 60, Discharging
Wed Feb 17 08:45:28 UTC 2010, 3762, 59, Discharging
Wed Feb 17 08:45:43 UTC 2010, 3768, 60, Discharging
Wed Feb 17 08:45:58 UTC 2010, 3722, 51, Discharging
Wed Feb 17 08:46:13 UTC 2010, 3747, 56, Discharging
Wed Feb 17 08:46:28 UTC 2010, 3768, 60, Discharging
Wed Feb 17 08:46:43 UTC 2010, 3770, 60, Discharging
Wed Feb 17 08:46:58 UTC 2010, 3692, 45, Discharging
Wed Feb 17 08:47:14 UTC 2010, 3729, 53, Discharging
Wed Feb 17 08:47:29 UTC 2010, 3758, 58, Discharging
Wed Feb 17 08:47:44 UTC 2010, 3761, 59, Discharging
Wed Feb 17 08:47:59 UTC 2010, 3767, 60, Discharging
Wed Feb 17 08:48:14 UTC 2010, 3769, 60, Discharging
Wed Feb 17 08:48:29 UTC 2010, 3769, 60, Discharging
Wed Feb 17 08:48:44 UTC 2010, 3754, 58, Discharging
Wed Feb 17 08:48:59 UTC 2010, 3694, 46, Discharging
Wed Feb 17 08:49:14 UTC 2010, 3759, 59, Discharging
Wed Feb 17 08:49:29 UTC 2010, 3764, 60, Discharging
Wed Feb 17 08:49:44 UTC 2010, 3767, 60, Discharging
Wed Feb 17 08:49:59 UTC 2010, 3759, 59, Discharging
Wed Feb 17 08:50:14 UTC 2010, 3767, 60, Discharging
Wed Feb 17 08:50:29 UTC 2010, 3768, 60, Discharging
Wed Feb 17 08:50:45 UTC 2010, 3764, 60, Discharging
Wed Feb 17 08:51:00 UTC 2010, 3765, 60, Discharging
Wed Feb 17 08:51:15 UTC 2010, 3764, 60, Discharging
Wed Feb 17 08:51:30 UTC 2010, 3768, 60, Discharging
Wed Feb 17 08:51:45 UTC 2010, 3768, 60, Discharging
Wed Feb 17 08:52:00 UTC 2010, 3764, 60, Discharging
Wed Feb 17 08:52:15 UTC 2010, 3768, 60, Discharging
Wed Feb 17 08:52:30 UTC 2010, 3765, 60, Discharging
Wed Feb 17 08:52:45 UTC 2010, 3763, 60, Discharging
Wed Feb 17 08:53:00 UTC 2010, 3759, 59, Discharging
Wed Feb 17 08:53:15 UTC 2010, 3765, 60, Discharging
Wed Feb 17 08:53:30 UTC 2010, 3767, 60, Discharging
Wed Feb 17 08:53:45 UTC 2010, 3766, 60, Discharging
Wed Feb 17 08:54:00 UTC 2010, 3763, 60, Discharging
Wed Feb 17 08:54:15 UTC 2010, 3767, 60, Discharging
Wed Feb 17 08:54:31 UTC 2010, 3738, 54, Discharging
Wed Feb 17 08:54:46 UTC 2010, 3759, 59, Discharging
Wed Feb 17 08:55:01 UTC 2010, 3766, 60, Discharging
Wed Feb 17 08:55:16 UTC 2010, 3762, 59, Discharging
Wed Feb 17 08:55:31 UTC 2010, 3766, 60, Discharging
Wed Feb 17 08:55:46 UTC 2010, 3766, 60, Discharging
Wed Feb 17 08:56:01 UTC 2010, 3764, 60, Discharging
Wed Feb 17 08:56:16 UTC 2010, 3760, 59, Discharging
Wed Feb 17 08:56:31 UTC 2010, 3764, 60, Discharging
Wed Feb 17 08:56:46 UTC 2010, 3764, 60, Discharging
Wed Feb 17 08:57:01 UTC 2010, 3761, 59, Discharging
Wed Feb 17 08:57:16 UTC 2010, 3766, 60, Discharging
Wed Feb 17 08:57:31 UTC 2010, 3762, 59, Discharging
Wed Feb 17 08:57:46 UTC 2010, 3680, 43, Discharging
Wed Feb 17 08:58:02 UTC 2010, 3759, 59, Discharging
Wed Feb 17 08:58:17 UTC 2010, 3762, 59, Discharging
Wed Feb 17 08:58:32 UTC 2010, 3762, 59, Discharging
Wed Feb 17 08:58:47 UTC 2010, 3763, 60, Discharging
Wed Feb 17 08:59:02 UTC 2010, 3764, 60, Discharging
Wed Feb 17 08:59:17 UTC 2010, 3763, 60, Discharging
Wed Feb 17 08:59:32 UTC 2010, 3702, 47, Discharging
Wed Feb 17 08:59:47 UTC 2010, 3759, 59, Discharging
Wed Feb 17 09:00:02 UTC 2010, 3759, 59, Discharging
Wed Feb 17 09:00:17 UTC 2010, 3762, 59, Discharging
Wed Feb 17 09:00:32 UTC 2010, 3758, 58, Discharging
Wed Feb 17 09:00:47 UTC 2010, 3763, 60, Discharging
Wed Feb 17 09:01:02 UTC 2010, 3763, 60, Discharging
Wed Feb 17 09:01:17 UTC 2010, 3764, 60, Discharging
Wed Feb 17 09:01:32 UTC 2010, 3757, 58, Discharging
Wed Feb 17 09:01:48 UTC 2010, 3763, 60, Discharging
Wed Feb 17 09:02:03 UTC 2010, 3763, 60, Discharging
Wed Feb 17 09:02:18 UTC 2010, 3763, 60, Discharging
Wed Feb 17 09:02:33 UTC 2010, 3763, 60, Discharging
Wed Feb 17 09:02:48 UTC 2010, 3759, 59, Discharging
Wed Feb 17 09:03:03 UTC 2010, 3760, 59, Discharging
Wed Feb 17 09:03:18 UTC 2010, 3762, 59, Discharging
Wed Feb 17 09:03:33 UTC 2010, 3759, 59, Discharging
Wed Feb 17 09:03:48 UTC 2010, 3763, 60, Discharging
Wed Feb 17 09:04:03 UTC 2010, 3762, 59, Discharging
Wed Feb 17 09:04:18 UTC 2010, 3762, 59, Discharging
Wed Feb 17 09:04:33 UTC 2010, 3762, 59, Discharging
Wed Feb 17 09:04:48 UTC 2010, 3758, 58, Discharging
Wed Feb 17 09:05:03 UTC 2010, 3763, 60, Discharging
Wed Feb 17 09:05:19 UTC 2010, 3761, 59, Discharging
Wed Feb 17 09:05:34 UTC 2010, 3762, 59, Discharging
Wed Feb 17 09:05:49 UTC 2010, 3761, 59, Discharging
Wed Feb 17 09:06:04 UTC 2010, 3762, 59, Discharging
Wed Feb 17 09:06:19 UTC 2010, 3761, 59, Discharging
Wed Feb 17 09:06:34 UTC 2010, 3758, 58, Discharging
Wed Feb 17 09:06:49 UTC 2010, 3664, 40, Discharging
Wed Feb 17 09:07:04 UTC 2010, 3751, 57, Discharging
Wed Feb 17 09:07:19 UTC 2010, 3758, 58, Discharging
Wed Feb 17 09:07:34 UTC 2010, 3758, 58, Discharging
Wed Feb 17 09:07:49 UTC 2010, 3680, 43, Discharging
Wed Feb 17 09:08:04 UTC 2010, 3750, 57, Discharging
Wed Feb 17 09:08:19 UTC 2010, 3757, 58, Discharging
Wed Feb 17 09:08:34 UTC 2010, 3757, 58, Discharging
Wed Feb 17 09:08:49 UTC 2010, 3759, 59, Discharging
Wed Feb 17 09:09:05 UTC 2010, 3758, 58, Discharging
Wed Feb 17 09:09:20 UTC 2010, 3701, 47, Discharging
Wed Feb 17 09:09:35 UTC 2010, 3755, 58, Discharging
Wed Feb 17 09:09:50 UTC 2010, 3756, 58, Discharging
Wed Feb 17 09:10:05 UTC 2010, 3753, 57, Discharging
Wed Feb 17 09:10:20 UTC 2010, 3754, 58, Discharging
Wed Feb 17 09:10:35 UTC 2010, 3755, 58, Discharging
Wed Feb 17 09:10:50 UTC 2010, 3753, 57, Discharging
Wed Feb 17 09:11:05 UTC 2010, 3757, 58, Discharging
Wed Feb 17 09:11:20 UTC 2010, 3759, 59, Discharging
Wed Feb 17 09:11:35 UTC 2010, 3758, 58, Discharging
Wed Feb 17 09:11:50 UTC 2010, 3759, 59, Discharging
Wed Feb 17 09:12:05 UTC 2010, 3758, 58, Discharging
Wed Feb 17 09:12:20 UTC 2010, 3758, 58, Discharging
Wed Feb 17 09:12:36 UTC 2010, 3757, 58, Discharging
Wed Feb 17 09:12:51 UTC 2010, 3757, 58, Discharging
Wed Feb 17 09:13:06 UTC 2010, 3754, 58, Discharging
Wed Feb 17 09:13:21 UTC 2010, 3758, 58, Discharging
Wed Feb 17 09:13:36 UTC 2010, 3753, 57, Discharging
Wed Feb 17 09:13:51 UTC 2010, 3754, 58, Discharging
Wed Feb 17 09:14:06 UTC 2010, 3752, 57, Discharging
Wed Feb 17 09:14:21 UTC 2010, 3748, 56, Discharging
Wed Feb 17 09:14:36 UTC 2010, 3757, 58, Discharging
Wed Feb 17 09:14:51 UTC 2010, 3757, 58, Discharging
Wed Feb 17 09:15:06 UTC 2010, 3697, 46, Discharging
Wed Feb 17 09:15:21 UTC 2010, 3680, 43, Discharging
Wed Feb 17 09:15:36 UTC 2010, 3671, 41, Discharging
Wed Feb 17 09:15:51 UTC 2010, 3753, 57, Discharging
Wed Feb 17 09:16:06 UTC 2010, 3754, 58, Discharging
Wed Feb 17 09:16:22 UTC 2010, 3754, 58, Discharging
Wed Feb 17 09:16:37 UTC 2010, 3754, 58, Discharging
Wed Feb 17 09:16:52 UTC 2010, 3755, 58, Discharging
Wed Feb 17 09:17:07 UTC 2010, 3753, 57, Discharging
Wed Feb 17 09:17:22 UTC 2010, 3755, 58, Discharging
Wed Feb 17 09:17:37 UTC 2010, 3749, 57, Discharging
Wed Feb 17 09:17:52 UTC 2010, 3755, 58, Discharging
Wed Feb 17 09:18:07 UTC 2010, 3755, 58, Discharging
Wed Feb 17 09:18:22 UTC 2010, 3752, 57, Discharging
Wed Feb 17 09:18:37 UTC 2010, 3755, 58, Discharging
Wed Feb 17 09:18:52 UTC 2010, 3753, 57, Discharging
Wed Feb 17 09:19:07 UTC 2010, 3754, 58, Discharging
Wed Feb 17 09:19:22 UTC 2010, 3748, 56, Discharging
Wed Feb 17 09:19:37 UTC 2010, 3751, 57, Discharging
Wed Feb 17 09:19:53 UTC 2010, 3672, 41, Discharging
Wed Feb 17 09:20:08 UTC 2010, 3658, 37, Discharging
Wed Feb 17 09:20:23 UTC 2010, 3747, 56, Discharging
Wed Feb 17 09:20:38 UTC 2010, 3745, 56, Discharging
Wed Feb 17 09:20:53 UTC 2010, 3751, 57, Discharging
Wed Feb 17 09:21:08 UTC 2010, 3751, 57, Discharging
Wed Feb 17 09:21:23 UTC 2010, 3752, 57, Discharging
Wed Feb 17 09:21:38 UTC 2010, 3751, 57, Discharging
Wed Feb 17 09:21:53 UTC 2010, 3752, 57, Discharging
Wed Feb 17 09:22:08 UTC 2010, 3752, 57, Discharging
Wed Feb 17 09:22:23 UTC 2010, 3752, 57, Discharging
Wed Feb 17 09:22:38 UTC 2010, 3752, 57, Discharging
Wed Feb 17 09:22:53 UTC 2010, 3671, 41, Discharging
Wed Feb 17 09:23:08 UTC 2010, 3719, 51, Discharging
Wed Feb 17 09:23:23 UTC 2010, 3723, 51, Discharging
Wed Feb 17 09:23:39 UTC 2010, 3745, 56, Discharging
Wed Feb 17 09:23:54 UTC 2010, 3745, 56, Discharging
Wed Feb 17 09:24:09 UTC 2010, 3687, 44, Discharging
Wed Feb 17 09:24:24 UTC 2010, 3683, 43, Discharging
Wed Feb 17 09:24:39 UTC 2010, 3742, 55, Discharging
Wed Feb 17 09:24:54 UTC 2010, 3741, 55, Discharging
Wed Feb 17 09:25:09 UTC 2010, 3747, 56, Discharging
Wed Feb 17 09:25:24 UTC 2010, 3673, 41, Discharging
Wed Feb 17 09:25:39 UTC 2010, 3740, 55, Discharging
Wed Feb 17 09:25:54 UTC 2010, 3678, 42, Discharging
Wed Feb 17 09:26:09 UTC 2010, 3685, 44, Discharging
Wed Feb 17 09:26:24 UTC 2010, 3722, 51, Discharging
Wed Feb 17 09:26:39 UTC 2010, 3743, 55, Discharging
Wed Feb 17 09:26:54 UTC 2010, 3744, 56, Discharging
Wed Feb 17 09:27:10 UTC 2010, 3740, 55, Discharging
Wed Feb 17 09:27:25 UTC 2010, 3746, 56, Discharging
Wed Feb 17 09:27:40 UTC 2010, 3746, 56, Discharging
Wed Feb 17 09:27:55 UTC 2010, 3745, 56, Discharging
Wed Feb 17 09:28:10 UTC 2010, 3739, 55, Discharging
Wed Feb 17 09:28:25 UTC 2010, 3747, 56, Discharging
Wed Feb 17 09:28:40 UTC 2010, 3729, 53, Discharging
Wed Feb 17 09:28:55 UTC 2010, 3719, 51, Discharging
Wed Feb 17 09:29:10 UTC 2010, 3696, 46, Discharging
Wed Feb 17 09:29:25 UTC 2010, 3662, 39, Discharging
Wed Feb 17 09:29:40 UTC 2010, 3737, 54, Discharging
Wed Feb 17 09:29:55 UTC 2010, 3742, 55, Discharging
Wed Feb 17 09:30:10 UTC 2010, 3738, 54, Discharging
Wed Feb 17 09:30:25 UTC 2010, 3735, 54, Discharging
Wed Feb 17 09:30:41 UTC 2010, 3740, 55, Discharging
Wed Feb 17 09:30:56 UTC 2010, 3737, 54, Discharging
Wed Feb 17 09:31:11 UTC 2010, 3682, 43, Discharging
Wed Feb 17 09:31:26 UTC 2010, 3674, 42, Discharging
Wed Feb 17 09:31:41 UTC 2010, 3711, 49, Discharging
Wed Feb 17 09:31:56 UTC 2010, 3726, 52, Discharging
Wed Feb 17 09:32:11 UTC 2010, 3739, 55, Discharging
Wed Feb 17 09:32:26 UTC 2010, 3694, 46, Discharging
Wed Feb 17 09:32:41 UTC 2010, 3740, 55, Discharging
Wed Feb 17 09:32:56 UTC 2010, 3739, 55, Discharging
Wed Feb 17 09:33:11 UTC 2010, 3667, 40, Discharging
Wed Feb 17 09:33:26 UTC 2010, 3729, 53, Discharging
Wed Feb 17 09:33:41 UTC 2010, 3656, 37, Discharging
Wed Feb 17 09:33:56 UTC 2010, 3691, 45, Discharging
Wed Feb 17 09:34:12 UTC 2010, 3664, 40, Discharging
Wed Feb 17 09:34:27 UTC 2010, 3648, 34, Discharging
Wed Feb 17 09:34:42 UTC 2010, 3733, 53, Discharging
Wed Feb 17 09:34:57 UTC 2010, 3737, 54, Discharging
Wed Feb 17 09:35:12 UTC 2010, 3697, 46, Discharging
Wed Feb 17 09:35:27 UTC 2010, 3670, 41, Discharging
Wed Feb 17 09:35:42 UTC 2010, 3733, 53, Discharging
Wed Feb 17 09:35:57 UTC 2010, 3733, 53, Discharging
Wed Feb 17 09:36:12 UTC 2010, 3643, 32, Discharging
Wed Feb 17 09:36:27 UTC 2010, 3730, 53, Discharging
Wed Feb 17 09:36:42 UTC 2010, 3729, 53, Discharging
Wed Feb 17 09:36:57 UTC 2010, 3735, 54, Discharging
Wed Feb 17 09:37:12 UTC 2010, 3730, 53, Discharging
Wed Feb 17 09:37:27 UTC 2010, 3736, 54, Discharging
Wed Feb 17 09:37:43 UTC 2010, 3657, 37, Discharging
Wed Feb 17 09:37:58 UTC 2010, 3648, 34, Discharging
Wed Feb 17 09:38:13 UTC 2010, 3729, 53, Discharging
Wed Feb 17 09:38:28 UTC 2010, 3733, 53, Discharging
Wed Feb 17 09:38:43 UTC 2010, 3735, 54, Discharging
Wed Feb 17 09:38:58 UTC 2010, 3731, 53, Discharging
Wed Feb 17 09:39:13 UTC 2010, 3734, 54, Discharging
Wed Feb 17 09:39:28 UTC 2010, 3733, 53, Discharging
Wed Feb 17 09:39:43 UTC 2010, 3677, 42, Discharging
Wed Feb 17 09:39:58 UTC 2010, 3717, 50, Discharging
Wed Feb 17 09:40:13 UTC 2010, 3721, 51, Discharging
Wed Feb 17 09:40:28 UTC 2010, 3730, 53, Discharging
Wed Feb 17 09:40:43 UTC 2010, 3732, 53, Discharging
Wed Feb 17 09:40:58 UTC 2010, 3667, 40, Discharging
Wed Feb 17 09:41:13 UTC 2010, 3667, 40, Discharging
Wed Feb 17 09:41:29 UTC 2010, 3729, 53, Discharging
Wed Feb 17 09:41:44 UTC 2010, 3674, 42, Discharging
Wed Feb 17 09:41:59 UTC 2010, 3699, 47, Discharging
Wed Feb 17 09:42:14 UTC 2010, 3699, 47, Discharging
Wed Feb 17 09:42:29 UTC 2010, 3729, 53, Discharging
Wed Feb 17 09:42:44 UTC 2010, 3665, 40, Discharging
Wed Feb 17 09:42:59 UTC 2010, 3648, 34, Discharging
Wed Feb 17 09:43:14 UTC 2010, 3729, 53, Discharging
Wed Feb 17 09:43:29 UTC 2010, 3674, 42, Discharging
Wed Feb 17 09:43:44 UTC 2010, 3695, 46, Discharging
Wed Feb 17 09:43:59 UTC 2010, 3727, 52, Discharging
Wed Feb 17 09:44:14 UTC 2010, 3675, 42, Discharging
Wed Feb 17 09:44:29 UTC 2010, 3724, 52, Discharging
Wed Feb 17 09:44:44 UTC 2010, 3726, 52, Discharging
Wed Feb 17 09:45:00 UTC 2010, 3692, 45, Discharging
Wed Feb 17 09:45:15 UTC 2010, 3672, 41, Discharging
Wed Feb 17 09:45:30 UTC 2010, 3728, 52, Discharging
Wed Feb 17 09:45:45 UTC 2010, 3728, 52, Discharging
Wed Feb 17 09:46:00 UTC 2010, 3729, 53, Discharging
Wed Feb 17 09:46:15 UTC 2010, 3639, 31, Discharging
Wed Feb 17 09:46:30 UTC 2010, 3654, 36, Discharging
Wed Feb 17 09:46:45 UTC 2010, 3666, 40, Discharging
Wed Feb 17 09:47:00 UTC 2010, 3660, 38, Discharging
Wed Feb 17 09:47:15 UTC 2010, 3723, 51, Discharging
Wed Feb 17 09:47:30 UTC 2010, 3723, 51, Discharging
Wed Feb 17 09:47:45 UTC 2010, 3652, 35, Discharging
Wed Feb 17 09:48:00 UTC 2010, 3715, 50, Discharging
Wed Feb 17 09:48:15 UTC 2010, 3722, 51, Discharging
Wed Feb 17 09:48:31 UTC 2010, 3724, 52, Discharging
Wed Feb 17 09:48:46 UTC 2010, 3724, 52, Discharging
Wed Feb 17 09:49:01 UTC 2010, 3715, 50, Discharging
Wed Feb 17 09:49:16 UTC 2010, 3677, 42, Discharging
Wed Feb 17 09:49:31 UTC 2010, 3713, 49, Discharging
Wed Feb 17 09:49:46 UTC 2010, 3672, 41, Discharging
Wed Feb 17 09:50:01 UTC 2010, 3646, 33, Discharging
Wed Feb 17 09:50:16 UTC 2010, 3664, 40, Discharging
Wed Feb 17 09:50:31 UTC 2010, 3714, 50, Discharging
Wed Feb 17 09:50:46 UTC 2010, 3717, 50, Discharging
Wed Feb 17 09:51:01 UTC 2010, 3649, 34, Discharging
Wed Feb 17 09:51:16 UTC 2010, 3644, 32, Discharging
Wed Feb 17 09:51:31 UTC 2010, 3633, 29, Discharging
Wed Feb 17 09:51:46 UTC 2010, 3713, 49, Discharging
Wed Feb 17 09:52:01 UTC 2010, 3720, 51, Discharging
Wed Feb 17 09:52:17 UTC 2010, 3717, 50, Discharging
Wed Feb 17 09:52:32 UTC 2010, 3721, 51, Discharging
Wed Feb 17 09:52:47 UTC 2010, 3716, 50, Discharging
Wed Feb 17 09:53:02 UTC 2010, 3634, 29, Discharging
Wed Feb 17 09:53:17 UTC 2010, 3700, 47, Discharging
Wed Feb 17 09:53:32 UTC 2010, 3677, 42, Discharging
Wed Feb 17 09:53:47 UTC 2010, 3666, 40, Discharging
Wed Feb 17 09:54:02 UTC 2010, 3717, 50, Discharging
Wed Feb 17 09:54:17 UTC 2010, 3671, 41, Discharging
Wed Feb 17 09:54:32 UTC 2010, 3630, 28, Discharging
Wed Feb 17 09:54:47 UTC 2010, 3669, 41, Discharging
Wed Feb 17 09:55:02 UTC 2010, 3654, 36, Discharging
Wed Feb 17 09:55:17 UTC 2010, 3712, 49, Discharging
Wed Feb 17 09:55:32 UTC 2010, 3656, 37, Discharging
Wed Feb 17 09:55:48 UTC 2010, 3694, 46, Discharging
Wed Feb 17 09:56:03 UTC 2010, 3642, 32, Discharging
Wed Feb 17 09:56:18 UTC 2010, 3643, 32, Discharging
Wed Feb 17 09:56:33 UTC 2010, 3643, 32, Discharging
Wed Feb 17 09:56:48 UTC 2010, 3689, 45, Discharging
Wed Feb 17 09:57:03 UTC 2010, 3658, 37, Discharging
Wed Feb 17 09:57:18 UTC 2010, 3713, 49, Discharging
Wed Feb 17 09:57:33 UTC 2010, 3638, 30, Discharging
Wed Feb 17 09:57:48 UTC 2010, 3690, 45, Discharging
Wed Feb 17 09:58:03 UTC 2010, 3693, 45, Discharging
Wed Feb 17 09:58:18 UTC 2010, 3711, 49, Discharging
Wed Feb 17 09:58:33 UTC 2010, 3637, 30, Discharging
Wed Feb 17 09:58:48 UTC 2010, 3684, 44, Discharging
Wed Feb 17 09:59:03 UTC 2010, 3683, 43, Discharging
Wed Feb 17 09:59:19 UTC 2010, 3693, 45, Discharging
Wed Feb 17 09:59:34 UTC 2010, 3622, 25, Discharging
Wed Feb 17 09:59:49 UTC 2010, 3712, 49, Discharging
Wed Feb 17 10:00:04 UTC 2010, 3638, 30, Discharging
Wed Feb 17 10:00:19 UTC 2010, 3704, 48, Discharging
Wed Feb 17 10:00:34 UTC 2010, 3634, 29, Discharging
Wed Feb 17 10:00:49 UTC 2010, 3644, 32, Discharging
Wed Feb 17 10:01:04 UTC 2010, 3662, 39, Discharging
Wed Feb 17 10:01:19 UTC 2010, 3617, 23, Discharging
Wed Feb 17 10:01:34 UTC 2010, 3638, 30, Discharging
Wed Feb 17 10:01:49 UTC 2010, 3683, 43, Discharging
Wed Feb 17 10:02:04 UTC 2010, 3646, 33, Discharging
Wed Feb 17 10:02:19 UTC 2010, 3641, 31, Discharging
Wed Feb 17 10:02:34 UTC 2010, 3704, 48, Discharging
Wed Feb 17 10:02:50 UTC 2010, 3614, 22, Discharging
Wed Feb 17 10:03:05 UTC 2010, 3622, 25, Discharging
Wed Feb 17 10:03:20 UTC 2010, 3695, 46, Discharging
Wed Feb 17 10:03:35 UTC 2010, 3699, 47, Discharging
Wed Feb 17 10:03:50 UTC 2010, 3670, 41, Discharging
Wed Feb 17 10:04:05 UTC 2010, 3657, 37, Discharging
Wed Feb 17 10:04:20 UTC 2010, 3613, 22, Discharging
Wed Feb 17 10:04:35 UTC 2010, 3627, 27, Discharging
Wed Feb 17 10:04:50 UTC 2010, 3688, 44, Discharging
Wed Feb 17 10:05:05 UTC 2010, 3655, 36, Discharging
Wed Feb 17 10:05:20 UTC 2010, 3641, 31, Discharging
Wed Feb 17 10:05:35 UTC 2010, 3699, 47, Discharging
Wed Feb 17 10:05:50 UTC 2010, 3697, 46, Discharging
Wed Feb 17 10:06:05 UTC 2010, 3700, 47, Discharging
Wed Feb 17 10:06:21 UTC 2010, 3615, 22, Discharging
Wed Feb 17 10:06:36 UTC 2010, 3625, 26, Discharging
Wed Feb 17 10:06:51 UTC 2010, 3595, 18, Discharging
Wed Feb 17 10:07:06 UTC 2010, 3605, 19, Discharging
Wed Feb 17 10:07:21 UTC 2010, 3696, 46, Discharging
Wed Feb 17 10:07:36 UTC 2010, 3697, 46, Discharging
Wed Feb 17 10:07:51 UTC 2010, 3638, 30, Discharging
Wed Feb 17 10:08:06 UTC 2010, 3673, 41, Discharging
Wed Feb 17 10:08:21 UTC 2010, 3665, 40, Discharging
Wed Feb 17 10:08:36 UTC 2010, 3635, 29, Discharging
Wed Feb 17 10:08:51 UTC 2010, 3666, 40, Discharging
Wed Feb 17 10:09:06 UTC 2010, 3640, 31, Discharging
Wed Feb 17 10:09:21 UTC 2010, 3610, 21, Discharging
Wed Feb 17 10:09:36 UTC 2010, 3608, 20, Discharging
Wed Feb 17 10:09:51 UTC 2010, 3693, 45, Discharging
Wed Feb 17 10:10:07 UTC 2010, 3634, 29, Discharging
Wed Feb 17 10:10:22 UTC 2010, 3660, 38, Discharging
Wed Feb 17 10:10:37 UTC 2010, 3678, 42, Discharging
Wed Feb 17 10:10:52 UTC 2010, 3684, 44, Discharging
Wed Feb 17 10:11:07 UTC 2010, 3634, 29, Discharging
Wed Feb 17 10:11:22 UTC 2010, 3690, 45, Discharging
Wed Feb 17 10:11:37 UTC 2010, 3687, 44, Discharging
Wed Feb 17 10:11:52 UTC 2010, 3687, 44, Discharging
Wed Feb 17 10:12:07 UTC 2010, 3692, 45, Discharging
Wed Feb 17 10:12:22 UTC 2010, 3691, 45, Discharging
Wed Feb 17 10:12:37 UTC 2010, 3597, 19, Discharging
Wed Feb 17 10:12:52 UTC 2010, 3641, 31, Discharging
Wed Feb 17 10:13:07 UTC 2010, 3621, 24, Discharging
Wed Feb 17 10:13:22 UTC 2010, 3675, 42, Discharging
Wed Feb 17 10:13:38 UTC 2010, 3687, 44, Discharging
Wed Feb 17 10:13:53 UTC 2010, 3687, 44, Discharging
Wed Feb 17 10:14:08 UTC 2010, 3684, 44, Discharging
Wed Feb 17 10:14:23 UTC 2010, 3600, 19, Discharging
Wed Feb 17 10:14:38 UTC 2010, 3676, 42, Discharging
Wed Feb 17 10:14:53 UTC 2010, 3607, 20, Discharging
Wed Feb 17 10:15:08 UTC 2010, 3646, 33, Discharging
Wed Feb 17 10:15:23 UTC 2010, 3682, 43, Discharging
Wed Feb 17 10:15:38 UTC 2010, 3684, 44, Discharging
Wed Feb 17 10:15:53 UTC 2010, 3686, 44, Discharging
Wed Feb 17 10:16:08 UTC 2010, 3686, 44, Discharging
Wed Feb 17 10:16:23 UTC 2010, 3617, 23, Discharging
Wed Feb 17 10:16:38 UTC 2010, 3608, 20, Discharging
Wed Feb 17 10:16:53 UTC 2010, 3593, 18, Discharging
Wed Feb 17 10:17:09 UTC 2010, 3677, 42, Discharging
Wed Feb 17 10:17:24 UTC 2010, 3611, 21, Discharging
Wed Feb 17 10:17:39 UTC 2010, 3627, 27, Discharging
Wed Feb 17 10:17:54 UTC 2010, 3677, 42, Discharging
Wed Feb 17 10:18:09 UTC 2010, 3599, 19, Discharging
Wed Feb 17 10:18:24 UTC 2010, 3642, 32, Discharging
Wed Feb 17 10:18:39 UTC 2010, 3596, 18, Discharging
Wed Feb 17 10:18:54 UTC 2010, 3643, 32, Discharging
Wed Feb 17 10:19:09 UTC 2010, 3578, 17, Discharging
Wed Feb 17 10:19:24 UTC 2010, 3644, 32, Discharging
Wed Feb 17 10:19:39 UTC 2010, 3674, 42, Discharging
Wed Feb 17 10:19:54 UTC 2010, 3593, 18, Discharging
Wed Feb 17 10:20:09 UTC 2010, 3668, 40, Discharging
Wed Feb 17 10:20:24 UTC 2010, 3675, 42, Discharging
Wed Feb 17 10:20:39 UTC 2010, 3677, 42, Discharging
Wed Feb 17 10:20:54 UTC 2010, 3602, 19, Discharging
Wed Feb 17 10:21:09 UTC 2010, 3613, 22, Discharging
Wed Feb 17 10:21:24 UTC 2010, 3671, 41, Discharging
Wed Feb 17 10:21:40 UTC 2010, 3643, 32, Discharging
Wed Feb 17 10:21:55 UTC 2010, 3649, 34, Discharging
Wed Feb 17 10:22:10 UTC 2010, 3648, 34, Discharging
Wed Feb 17 10:22:25 UTC 2010, 3666, 40, Discharging
Wed Feb 17 10:22:40 UTC 2010, 3669, 41, Discharging
Wed Feb 17 10:22:55 UTC 2010, 3616, 23, Discharging
Wed Feb 17 10:23:10 UTC 2010, 3640, 31, Discharging
Wed Feb 17 10:23:25 UTC 2010, 3648, 34, Discharging
Wed Feb 17 10:23:40 UTC 2010, 3668, 40, Discharging
Wed Feb 17 10:23:55 UTC 2010, 3660, 38, Discharging
Wed Feb 17 10:24:10 UTC 2010, 3650, 35, Discharging
Wed Feb 17 10:24:25 UTC 2010, 3667, 40, Discharging
Wed Feb 17 10:24:40 UTC 2010, 3664, 40, Discharging
Wed Feb 17 10:24:55 UTC 2010, 3657, 37, Discharging
Wed Feb 17 10:25:11 UTC 2010, 3667, 40, Discharging
Wed Feb 17 10:25:26 UTC 2010, 3668, 40, Discharging
Wed Feb 17 10:25:41 UTC 2010, 3668, 40, Discharging
Wed Feb 17 10:25:56 UTC 2010, 3664, 40, Discharging
Wed Feb 17 10:26:11 UTC 2010, 3643, 32, Discharging
Wed Feb 17 10:26:26 UTC 2010, 3659, 38, Discharging
Wed Feb 17 10:26:41 UTC 2010, 3666, 40, Discharging
Wed Feb 17 10:26:56 UTC 2010, 3663, 39, Discharging
Wed Feb 17 10:27:11 UTC 2010, 3665, 40, Discharging
Wed Feb 17 10:27:26 UTC 2010, 3664, 40, Discharging
Wed Feb 17 10:27:41 UTC 2010, 3581, 17, Discharging
Wed Feb 17 10:27:56 UTC 2010, 3658, 37, Discharging
Wed Feb 17 10:28:11 UTC 2010, 3640, 31, Discharging
Wed Feb 17 10:28:26 UTC 2010, 3649, 34, Discharging
Wed Feb 17 10:28:42 UTC 2010, 3591, 18, Discharging
Wed Feb 17 10:28:57 UTC 2010, 3626, 26, Discharging
Wed Feb 17 10:29:12 UTC 2010, 3591, 18, Discharging
Wed Feb 17 10:29:27 UTC 2010, 3656, 37, Discharging
Wed Feb 17 10:29:42 UTC 2010, 3653, 36, Discharging
Wed Feb 17 10:29:57 UTC 2010, 3565, 15, Discharging
Wed Feb 17 10:30:12 UTC 2010, 3656, 37, Discharging
Wed Feb 17 10:30:27 UTC 2010, 3653, 36, Discharging
Wed Feb 17 10:30:42 UTC 2010, 3580, 17, Discharging
Wed Feb 17 10:30:57 UTC 2010, 3617, 23, Discharging
Wed Feb 17 10:31:12 UTC 2010, 3624, 25, Discharging
Wed Feb 17 10:31:27 UTC 2010, 3648, 34, Discharging
Wed Feb 17 10:31:42 UTC 2010, 3652, 35, Discharging
Wed Feb 17 10:31:57 UTC 2010, 3650, 35, Discharging
Wed Feb 17 10:32:12 UTC 2010, 3579, 17, Discharging
Wed Feb 17 10:32:28 UTC 2010, 3602, 19, Discharging
Wed Feb 17 10:32:43 UTC 2010, 3647, 34, Discharging
Wed Feb 17 10:32:58 UTC 2010, 3613, 22, Discharging
Wed Feb 17 10:33:13 UTC 2010, 3630, 28, Discharging
Wed Feb 17 10:33:28 UTC 2010, 3571, 16, Discharging
Wed Feb 17 10:33:43 UTC 2010, 3649, 34, Discharging
Wed Feb 17 10:33:58 UTC 2010, 3606, 19, Discharging
Wed Feb 17 10:34:13 UTC 2010, 3584, 17, Discharging
Wed Feb 17 10:34:28 UTC 2010, 3640, 31, Discharging
Wed Feb 17 10:34:43 UTC 2010, 3649, 34, Discharging
Wed Feb 17 10:34:58 UTC 2010, 3583, 17, Discharging
Wed Feb 17 10:35:13 UTC 2010, 3646, 33, Discharging
Wed Feb 17 10:35:28 UTC 2010, 3574, 16, Discharging
Wed Feb 17 10:35:43 UTC 2010, 3605, 19, Discharging
Wed Feb 17 10:35:59 UTC 2010, 3640, 31, Discharging
Wed Feb 17 10:36:14 UTC 2010, 3586, 17, Discharging
Wed Feb 17 10:36:29 UTC 2010, 3612, 21, Discharging
Wed Feb 17 10:36:44 UTC 2010, 3560, 15, Discharging
Wed Feb 17 10:36:59 UTC 2010, 3580, 17, Discharging
Wed Feb 17 10:37:14 UTC 2010, 3542, 13, Discharging
Wed Feb 17 10:37:29 UTC 2010, 3542, 13, Discharging
Wed Feb 17 10:37:44 UTC 2010, 3550, 14, Discharging
Wed Feb 17 10:37:59 UTC 2010, 3566, 16, Discharging
Wed Feb 17 10:38:14 UTC 2010, 3550, 14, Discharging
Wed Feb 17 10:38:29 UTC 2010, 3545, 14, Discharging
Wed Feb 17 10:38:44 UTC 2010, 3576, 17, Discharging
Wed Feb 17 10:38:59 UTC 2010, 3555, 14, Discharging
Wed Feb 17 10:39:14 UTC 2010, 3548, 14, Discharging
Wed Feb 17 10:39:29 UTC 2010, 3547, 14, Discharging
Wed Feb 17 10:39:45 UTC 2010, 3631, 28, Discharging
Wed Feb 17 10:40:00 UTC 2010, 3549, 14, Discharging
Wed Feb 17 10:40:15 UTC 2010, 3603, 19, Discharging
Wed Feb 17 10:40:30 UTC 2010, 3595, 18, Discharging
Wed Feb 17 10:40:45 UTC 2010, 3606, 19, Discharging
Wed Feb 17 10:41:00 UTC 2010, 3554, 14, Discharging
Wed Feb 17 10:41:15 UTC 2010, 3631, 28, Discharging
Wed Feb 17 10:41:30 UTC 2010, 3537, 13, Discharging
Wed Feb 17 10:41:45 UTC 2010, 3617, 23, Discharging
Wed Feb 17 10:42:00 UTC 2010, 3550, 14, Discharging
Wed Feb 17 10:42:15 UTC 2010, 3622, 25, Discharging
Wed Feb 17 10:42:30 UTC 2010, 3530, 12, Discharging
Wed Feb 17 10:42:45 UTC 2010, 3533, 12, Discharging
Wed Feb 17 10:43:00 UTC 2010, 3552, 14, Discharging
Wed Feb 17 10:43:15 UTC 2010, 3587, 18, Discharging
Wed Feb 17 10:43:31 UTC 2010, 3526, 12, Discharging
Wed Feb 17 10:43:46 UTC 2010, 3573, 16, Discharging
Wed Feb 17 10:44:01 UTC 2010, 3619, 24, Discharging
Wed Feb 17 10:44:16 UTC 2010, 3544, 13, Discharging
Wed Feb 17 10:44:31 UTC 2010, 3603, 19, Discharging
Wed Feb 17 10:44:46 UTC 2010, 3583, 17, Discharging
Wed Feb 17 10:45:01 UTC 2010, 3558, 15, Discharging
Wed Feb 17 10:45:16 UTC 2010, 3616, 23, Discharging
Wed Feb 17 10:45:31 UTC 2010, 3612, 21, Discharging
Wed Feb 17 10:45:46 UTC 2010, 3524, 11, Discharging
Wed Feb 17 10:46:01 UTC 2010, 3609, 20, Discharging
Wed Feb 17 10:46:16 UTC 2010, 3612, 21, Discharging
Wed Feb 17 10:46:31 UTC 2010, 3527, 12, Discharging
Wed Feb 17 10:46:46 UTC 2010, 3543, 13, Discharging
Wed Feb 17 10:47:02 UTC 2010, 3588, 18, Discharging
Wed Feb 17 10:47:17 UTC 2010, 3605, 19, Discharging
Wed Feb 17 10:47:32 UTC 2010, 3580, 17, Discharging
Wed Feb 17 10:47:47 UTC 2010, 3513, 10, Discharging
Wed Feb 17 10:48:02 UTC 2010, 3602, 19, Discharging
Wed Feb 17 10:48:17 UTC 2010, 3599, 19, Discharging
Wed Feb 17 10:48:32 UTC 2010, 3594, 18, Discharging
Wed Feb 17 10:48:47 UTC 2010, 3547, 14, Discharging
Wed Feb 17 10:49:02 UTC 2010, 3571, 16, Discharging
Wed Feb 17 10:49:17 UTC 2010, 3590, 18, Discharging
Wed Feb 17 10:49:32 UTC 2010, 3598, 19, Discharging
Wed Feb 17 10:49:47 UTC 2010, 3586, 17, Discharging
Wed Feb 17 10:50:02 UTC 2010, 3510, 10, Discharging
Wed Feb 17 10:50:18 UTC 2010, 3577, 17, Discharging
Wed Feb 17 10:50:33 UTC 2010, 3581, 17, Discharging
Wed Feb 17 10:50:48 UTC 2010, 3583, 17, Discharging
Wed Feb 17 10:51:03 UTC 2010, 3584, 17, Discharging
Wed Feb 17 10:51:18 UTC 2010, 3582, 17, Discharging
Wed Feb 17 10:51:33 UTC 2010, 3582, 17, Discharging
Wed Feb 17 10:51:48 UTC 2010, 3583, 17, Discharging
Wed Feb 17 10:52:03 UTC 2010, 3580, 17, Discharging
Wed Feb 17 10:52:18 UTC 2010, 3579, 17, Discharging
Wed Feb 17 10:52:33 UTC 2010, 3573, 16, Discharging
Wed Feb 17 10:52:48 UTC 2010, 3565, 15, Discharging
Wed Feb 17 10:53:03 UTC 2010, 3473, 7, Discharging
Wed Feb 17 10:53:18 UTC 2010, 3556, 15, Discharging
Wed Feb 17 10:53:33 UTC 2010, 3555, 14, Discharging
Wed Feb 17 10:53:48 UTC 2010, 3559, 15, Discharging
Wed Feb 17 10:54:04 UTC 2010, 3527, 12, Discharging
Wed Feb 17 10:54:19 UTC 2010, 3539, 13, Discharging
Wed Feb 17 10:54:34 UTC 2010, 3487, 8, Discharging
Wed Feb 17 10:54:49 UTC 2010, 3469, 6, Discharging
Wed Feb 17 10:55:04 UTC 2010, 3504, 10, Discharging
Wed Feb 17 10:55:19 UTC 2010, 3500, 9, Discharging
Wed Feb 17 10:55:34 UTC 2010, 3527, 12, Discharging
Wed Feb 17 10:55:49 UTC 2010, 3528, 12, Discharging
Wed Feb 17 10:56:04 UTC 2010, 3510, 10, Discharging
Wed Feb 17 10:56:19 UTC 2010, 3462, 5, Discharging
Wed Feb 17 10:56:34 UTC 2010, 3510, 10, Discharging
Wed Feb 17 10:56:49 UTC 2010, 3448, 4, Discharging
Wed Feb 17 10:57:04 UTC 2010, 3495, 9, Discharging
Wed Feb 17 10:57:19 UTC 2010, 3497, 9, Discharging
Wed Feb 17 10:57:35 UTC 2010, 3497, 9, Discharging
Wed Feb 17 10:57:50 UTC 2010, 3475, 7, Discharging
Wed Feb 17 10:58:05 UTC 2010, 3409, 0, Discharging
Wed Feb 17 10:58:20 UTC 2010, 3454, 5, Discharging
Wed Feb 17 10:58:35 UTC 2010, 3383, 0, Discharging
