Rank,"""Best""",MCC,MNC,Country ,Network name,Tier,Priority,2G,3G,"OpCo_
Code"
1,X,202,05,Greece,Vodafone,Vodafone networks,1,x,x,VFGR
2,X,204,04,Netherlands,Vodafone,Vodafone networks,1,x,x,VFNL
3,X,214,01,Spain,Vodafone,Vodafone networks,1,x,x,VFES
4,X,216,70,Hungary,Vodafone,Vodafone networks,1,x,x,VFHU
5,X,222,10,Italy,Vodafone,Vodafone networks,1,x,x,VFIT
6,X,226,01,Romania,Vodafone,Vodafone networks,1,x,x,VFRO
7,X,230,03,Czech Republic,Vodafone,Vodafone networks,1,x,x,VFCZ
8,X,234,15,United Kingdom,Vodafone,Vodafone networks,1,x,x,VFUK
9,X,262,02,Germany,Vodafone,Vodafone networks,1,x,x,VFDE
10,x,268,01,Portugal,Vodafone,Vodafone networks,1,x,x,VFPT
11,X,272,01,Ireland,Vodafone,Vodafone networks,1,x,x,VFIE
12,X,276,02,Albania,Vodafone,Vodafone networks,1,x,x,VFAL
13,X,278,01,Malta,Vodafone,Vodafone networks,1,x,x,VFMT
14,X,286,02,Turkey,Vodafone ,Vodafone networks,1,x,x,VFTR
15,X,404,05,India (Gujarat),Vodafone,Vodafone networks,1,x,x,VFIN
16,X,404,11,India (Delhi),Vodafone,Vodafone networks,1,x,x,VFIN
17,X,404,13,India (Andhra Pradesh),Vodafone,Vodafone networks,1,x,x,VFIN
18,X,404,15,India (Uttar Pradesh East),Vodafone,Vodafone networks,1,x,x,VFIN
19,X,404,20,India,Vodafone,Vodafone networks,1,x,x,VFIN
20,X,404,27,India (Maharashtra & Goa),Vodafone,Vodafone networks,1,x,x,VFIN
21,X,404,30,India (Kolkata),Vodafone,Vodafone networks,1,x,x,VFIN
22,X,404,43,India (Tamil Nadu),Vodafone,Vodafone networks,1,x,x,VFIN
23,X,404,46,India (Kerala),Vodafone,Vodafone networks,1,x,x,VFIN
24,X,404,86,India (Karnataka),Vodafone,Vodafone networks,1,x,x,VFIN
25,X,427,02,Qatar,Vodafone,Vodafone networks,1,x,x,VFQA
26,X,505,03,Australia,Vodafone,Vodafone networks,1,x,x,VFAU
27,X,530,01,New Zealand,Vodafone,Vodafone networks,1,x,x,VFNZ
28,X,602,02,Egypt,Vodafone,Vodafone networks,1,x,x,VFEG
29,X,620,02,Ghana,Vodafone,Vodafone networks,1,x,x,VFGH
30,X,655,01,South Africa,Vodacom,Vodafone networks,1,x,x,VFZA
31,X,206,01,Belgium,Proximus,Preferred Partners,2,x,x,PRXBE
32,X,208,10,France,SFR,Preferred Partners,2,x,x,SFRFR
33,X,228,01,Liechtenstein,Swisscom,Preferred Partners,2,x,x,SWCCH
34,X,232,01,Austria,Mobilkom,Preferred Partners,2,x,x,MOBAT
35,X,234,03,Guernsey,Airtel-Vodafone,Preferred Partners,2,x,x,AVFJE
36,X,238,01,Denmark,TDC,Preferred Partners,2,x,x,TDCDK
37,X,240,08,Sweden,Telenor,Preferred Partners,2,x,x,TNRSE
38,X,242,01,Norway,Telenor,Preferred Partners,2,x,x,TNRNO
39,X,244,05,Finland,Elisa,Preferred Partners,2,x,x,ELIFI
40,X,246,02,Lithuania,Bite GSM,Preferred Partners,2,x,x,BITLT
41,X,247,05,Latvia,Bite Latvija,Preferred Partners,2,x,x,BITLV
42,X,248,02,Estonia,Elisa,Preferred Partners,2,x,x,ELIEE
43,X,250,01,Russian Federation,MTS,Preferred Partners,2,x,x,MTSRU
44,x,260,01,Poland,Plus,Preferred Partners,2,x,x,POLPL
45,X,270,77,Luxembourg,Tango,Preferred Partners,2,x,x,TANLU
46,X,274,02,Iceland,Vodafone,Preferred Partners,2,x,x,VFIS
47,X,280,01,Cyprus,Cytamobile-Vodafone,Preferred Partners,2,x,x,CYTCY
48,X,284,01,Bulgaria,M-Tel,Preferred Partners,2,x,x,MTLBG
49,X,293,40,Slovenia,SI Mobil,Preferred Partners,2,x,x,VFSI
50,X,302,720,Canada,Rogers Wireless,Preferred Partners,2,x,x,RGSCA
51,X,310,380,United States,AT&T,Preferred Partners,2,x,x,CGLUS
52,X,310,410,United States,AT&T,Preferred Partners,2,x,x,CGLUS
53,X,413,02,Sri Lanka,Dialog,Preferred Partners,2,x,x,DLGLK
54,X,426,02,Bahrain,Zain BH,Preferred Partners,2,x,x,VFBH
55,X,454,04,Hong Kong,Hutchison,Preferred Partners,2,x,x,HUTHK
56,X,466,92,"Taiwan, Province of China",Chunghwa,Preferred Partners,2,x,x,CNGTW
57,X,502,13,Malaysia,Celcom,Preferred Partners,2,x,x,CELMY
58,X,502,19,Malaysia,Celcom,Preferred Partners,2,x,x,CELMY
59,X,515,03,Philippines,SMART Gold,Preferred Partners,2,x,x,SMTPH
60,X,525,05,Singapore,StarHub,Preferred Partners,2,x,x,SHBSG
61,X,730,01,Chile,Entel,Preferred Partners,2,x,x,ENTCL
62,X,440,10,Japan,NTT DoCoMo,Preferred Partners,2,,x,NDOJP
63,,454,03,Hong Kong,3,Preferred Partners,2,,x,H3HK
64,X,460,00,China,China Mobile,Preferred Partners,2,x,,CMOCN
65,,202,10,Greece,Wind,EU27+2,3,x,x,WINGR
66,,206,10,Belgium,Mobistar,EU27+2,3,x,x,MSTBE
67,,206,20,Belgium,Base,EU27+2,3,x,x,BASBE
68,,208,01,France,Orange,EU27+2,3,x,x,ORGFR
69,,208,20,France,Bouygues,EU27+2,3,x,x,BOUFR
70,,214,03,Spain,Orange,EU27+2,3,x,x,AMNES
71,,216,01,Hungary,Telenor,EU27+2,3,x,x,TNRHU
72,,222,88,Italy,Wind,EU27+2,3,x,x,WINIT
73,,228,02,Switzerland,Sunrise,EU27+2,3,x,x,SUNCH
74,,228,03,Switzerland,Orange,EU27+2,3,x,x,ORGCH
75,,230,01,Czech Republic,T-Mobile,EU27+2,3,x,x,TMBCZ
76,,230,02,Czech Republic,O2,EU27+2,3,x,x,TO2CZ
77,X,231,01,Slovakia,Orange,EU27+2,3,x,x,ORGSK
78,X,231,02,Slovakia,T-Mobile,EU27+2,3,x,x,TMBSK
79,,232,03,Austria,T-Mobile,EU27+2,3,x,x,TMBAT
80,,232,05,Austria,Orange,EU27+2,3,x,x,ONEAT
81,,234,10,United Kingdom,O2,EU27+2,3,x,x,O2UK
82,,234,30,United Kingdom,T-Mobile,EU27+2,3,x,x,TMBUK
83,X,234,58,Isle of Man,Manx Telecom,EU27+2,3,x,x,MNXUK
84,,240,01,Sweden,TeliaSonera,EU27+2,3,x,x,TSMSE
85,,240,07,Sweden,Tele 2,EU27+2,3,x,x,T2SE
86,,242,02,Norway,Netcom,EU27+2,3,x,x,NETNO
87,,244,91,Finland,Telia Sonera,EU27+2,3,x,x,SONFI
88,,246,01,Lithuania,Omnitel,EU27+2,3,x,x,OMTLT
89,,247,01,Latvia,LMT,EU27+2,3,x,x,LMTLV
90,,247,02,Latvia,Tele2,EU27+2,3,x,x,T2LV
91,,248,03,Estonia,Tele2,EU27+2,3,x,x,T2EE
92,,260,02,Poland,Era,EU27+2,3,x,x,ERAPL
93,,262,01,Germany,T-Mobile,EU27+2,3,x,x,TMBDE
94,,268,03,Portugal,Optimus,EU27+2,3,x,x,OPTPT
95,,268,06,Portugal,TMN,EU27+2,3,x,x,TMNPT
96,,270,01,Luxembourg,LUXGSM,EU27+2,3,x,x,PTLLU
97,,270,99,Luxembourg,Orange,EU27+2,3,x,x,VOXLU
98,,272,02,Ireland,O2,EU27+2,3,x,x,O2IE
99,,278,21,Malta,go mobile,EU27+2,3,x,x,GOMT
100,,284,05,Bulgaria,Globul,EU27+2,3,x,x,GLOBG
101,,293,41,Kosovo / Slovenia,Mobitel,EU27+2,3,x,x,MTLSI
102,X,295,05,Liechtenstein,Mobilkom,EU27+2,3,x,x,MOBLI
103,,244,14,Finland,Alands Mobiltelefon,EU27+2 others,3,x,x,ALNFI
104,,278,77,Malta,Melita Mobile Ltd.,EU27+2 others ,3,x,x,MLTMT
105,,284,03,Bulgaria,Vivacom,EU27+2 others ,3,x,x,VCMBG
106,,202,01,Greece,Cosmote,EU27+2,3,x,,COSGR
107,,216,30,Hungary,T-Mobile,EU27+2,3,x,,TMBHU
108,,222,01,Italy,TIM,EU27+2,3,x,,TIMIT
109,,234,33,United Kingdom,Everything Everywhere Orange,EU27+2,3,x,,ORGUK
110,,238,02,Denmark,Telenor,EU27+2,3,x,,TNRDK
111,,248,01,Estonia,EMT,EU27+2,3,x,,EMTEE
112,,260,03,Poland,Orange,EU27+2,3,x,,ORGPL
113,,260,06,Poland,Play,EU27+2,3,x,,PLAPL
114,,262,07,Germany,O2,EU27+2,3,x,,O2DE
115,,280,10,Cyprus,MTN,EU27+2,3,x,,MTNCY
116,,280,20,Cyprus,PrimeTel,EU27+2 others,3,x,,PRLCY
117,X,218,90,Bosnia and Herzegovina,BH Telecom ,Row Tier 1,4,x,x,BHTBA
118,,286,01,Turkey,Turkcell,RoW Tier 1,4,x,x,TRCTR
119,X,292,01,San Marino,San Marino Telecom,RoW Tier 1,4,x,x,PRISM
120,,302,220,Canada,Telus,RoW Tier 1,4,x,x,TLSCA
121,,302,610,Canada,Bell Mobility,RoW Tier 1,4,x,x,BELCA
122,X,334,020,Mexico,Telcel,RoW Tier 1,4,x,x,TCLMX
123,,334,050,Mexico,IUSACell,RoW Tier 1,4,x,x,IUCMX
124,X,350,000,Bermuda,CellOne,RoW Tier 1,4,x,x,C1BM
125,X,400,04,Azerbaijan,NAR Mobile,RoW Tier 1,4,x,x,NARAZ
126,,404,17,India (West Bengal),Aircel,RoW Tier 1,4,x,x,AIRIN
127,,404,25,India (Bihar),Aircel,RoW Tier 1,4,x,x,AIRIN
128,,404,28,India (Orissa),Aircel,RoW Tier 1,4,x,x,AIRIN
129,,404,41,India (Chennai),Aircel,RoW Tier 1,4,x,x,AIRIN
130,,404,42,India (Tamil Nadu),Aircel,RoW Tier 1,4,x,x,AIRIN
131,,404,91,India (Kolkata),Aircel,RoW Tier 1,4,x,x,AIRIN
132,,405,801,India (Andhra Pradesh),Aircel,RoW Tier 1,4,x,x,AIRIN
133,,405,803,India (Karnataka),Aircel,RoW Tier 1,4,x,x,AIRIN
134,,405,809,India (Kerala),Aircel,RoW Tier 1,4,x,x,AIRIN
135,,405,810,India (Uttar Pradesh East),Aircel,RoW Tier 1,4,x,x,AIRIN
136,X,425,01,Israel,Orange,RoW Tier 1,4,x,x,ORGIL
137,X,436,05,Tajikistan,Beeline,RoW Tier 1,4,x,x,BLNTJ
138,X,450,02,"Korea, Republic Of",KT,RoW Tier 1,4,x,x,OKTKR
139,X,450,08,"Korea, Republic Of",KT,RoW Tier 1,4,x,x,OKTKR
140,,460,01,China,China Unicom,RoW Tier 1,4,x,x,UNCCN
141,X,510,11,Indonesia,Excelcom,RoW Tier 1,4,x,x,EXCID
142,X,510,89,Indonesia, 3,RoW Tier 1,4,x,x,H3ID
143,,525,03,Singapore,M1,RoW Tier 1,4,x,x,MBNSG
144,,602,03,Egypt,Etisalat,RoW Tier 1,4,x,x,ETIEG
145,X,647,02,Reunion,Outremer ,RoW Tier 1,4,x,x,OTRRE
146,X,704,01,Guatemala,Claro,RoW Tier 1,4,x,x,CLRGT
147,X,706,01,El Salvador,Claro,RoW Tier 1,4,x,x,CLRSV
148,X,708,001,Honduras,Claro,RoW Tier 1,4,x,x,CLRHN
149,X,710,21,Nicaragua,Claro,RoW Tier 1,4,x,x,CLRNI
150,X,714,03,Panama,Claro,RoW Tier 1,4,x,x,CLRPA
151,X,716,10,Peru,Claro,RoW Tier 1,4,x,x,CLAPE
152,X,722,310,Argentina,Claro ,RoW Tier 1,4,x,x,CLRAR
153,X,724,05,Brazil,Claro,RoW Tier 1,4,x,x,CLRBR
154,,724,31,Brazil,Oi,RoW Tier 1,4,x,x,OIBR
155,X,740,01,Ecuador,Conecel,RoW Tier 1,4,x,x,CONEC
156,X,748,10,Uruguay,Claro,RoW Tier 1,4,x,x,CLRUY
157,,425,03,Israel,Pelephone,RoW Tier 1,4,,x,PELIL
158,x,255,07,Ukraine,UKRTelecom,RoW Tier 1,4,x,x*,UKRUA
159,,255,06,Ukraine,Life,RoW Tier 1,4,x,,LIFUA
160,,404,29,India (Assam),Aircel,RoW Tier 1,4,x,,AIRIN
161,,404,33,India (North East),Aircel,RoW Tier 1,4,x,,AIRIN
162,,404,35,India (Himachal Pradesh),Aircel,RoW Tier 1,4,x,,AIRIN
163,,404,37,India (Jamnu & Kashmir),Aircel,RoW Tier 1,4,x,,AIRIN
164,,405,800,India (Delhi),Aircel,RoW Tier 1,4,x,,AIRIN
165,,405,804,India (Maharashtra & Goa),Aircel,RoW Tier 1,4,x,,AIRIN
166,,405,805,India (Mumbai),Aircel,RoW Tier 1,4,x,,AIRIN
167,,405,811,India (Uttar Pradesh West),Aircel,RoW Tier 1,4,x,,AIRIN
168,X,603,03,Algeria,Wataniya,RoW Tier 1,4,x,,NEDDZ
169,X,615,03,Togo,Moov,RoW Tier 1,4,x,,MOVTG
170,X,641,22,Uganda,Warid ,Row Tier 1,4,x,,WARUG
171,X,734,01,Venezuela,Digitel GSM,RoW Tier 1,4,x,,DIGVE
172,,734,02,Venezuela,Digitel GSM,RoW Tier 1,4,x,,DI2VE
173,,734,03,Venezuela,Digitel GSM,RoW Tier 1,4,x,,DI2VE
174,X,628?,02,Gabon,Moov,Row Tier 1,4,x,,ATQGA
175,X,219,10,Croatia,VIPnet,RoW Tier 2,5,x,x,VIPHR
176,X,220,01,Serbia,Telenor,RoW Tier 2,5,x,x,TNRRS
177,X,220,05,Serbia,VIP,RoW Tier 2,5,x,x,VIPRS
178,,234,50,Guernsey,Jersey Telecom,RoW Tier 2,5,x,x,JRSUK
179,X,297,01,Montenegro,Telenor,RoW Tier 2,5,x,x,TNRME
180,X,363,01,Aruba,Setar GSM,RoW Tier 2,5,x,x,SETAW
181,X,401,01,Kazakhstan,Beeline,RoW Tier 2,5,x,x,BLNKZ
182,,404,74,India,BSNL,RoW Tier 2,5,x,x,BSNIN
183,,405,025,India (Andhra Pradesh),Tata Docomo,RoW Tier 2,5,x,x,TATIN
184,,405,027,India (Bihar),Tata Docomo,RoW Tier 2,5,x,x,TATIN
185,,405,030,India (Gujarat),Tata Docomo,RoW Tier 2,5,x,x,TATIN
186,,405,031,India (HARYANA),Tata Docomo,RoW Tier 2,5,x,x,TATIN
187,,405,032,India (Himachal Pradesh),Tata Docomo,RoW Tier 2,5,x,x,TATIN
188,,405,034,India (Karnataka),Tata Docomo,RoW Tier 2,5,x,x,TATIN
189,,405,035,India (Kerala),Tata Docomo,RoW Tier 2,5,x,x,TATIN
190,,405,036,India (Kolkata),Tata Docomo,RoW Tier 2,5,x,x,TATIN
191,,405,037,India (Maharashtra & Goa),Tata Docomo,RoW Tier 2,5,x,x,TATIN
192,,405,038,India (Madhya Pradesh),Tata Docomo,RoW Tier 2,5,x,x,TATIN
193,,405,039,India (Mumbai),Tata Docomo,RoW Tier 2,5,x,x,TATIN
194,,405,041,India (Orissa),Tata Docomo,RoW Tier 2,5,x,x,TATIN
195,,405,042,India (Punjab),Tata Docomo,RoW Tier 2,5,x,x,TATIN
196,,405,043,India (Rajasthan),Tata Docomo,RoW Tier 2,5,x,x,TATIN
197,,405,044,India (Tamil Nadu),Tata Docomo,RoW Tier 2,5,x,x,TATIN
198,,405,045,India (Uttar Pradesh East),Tata Docomo,RoW Tier 2,5,x,x,TATIN
199,,405,046,India (Uttar Pradesh West),Tata Docomo,RoW Tier 2,5,x,x,TATIN
200,,405,047,India (West Bengal,Tata Docomo,RoW Tier 2,5,x,x,TATIN
201,,413,03,Sri Lanka,Etisalat,RoW Tier 2,5,x,x,ETILK
202,X,416,01,Jordan,Zain,RoW Tier 2,5,x,x,ZAIJO
203,X,419,02,Kuwait,Zain,RoW Tier 2,5,x,x,VFKW
204,,426,04,Bahrain,VIVA,RoW Tier 2,5,x,x,VIVBH
205,,454,06,Hong Kong / Macao,SmarTone,RoW Tier 2,5,x,x,SMAHK
206,,510,01,Indonesia,Indosat,RoW Tier 2,5,x,x,IDSID
207,,515,02,Philippines,Globe,RoW Tier 2,5,x,x,GLOPH
208,X,520,18,Thailand,Dtac,RoW Tier 2,5,x,x,DTCTH
209,,525,01,Singapore,SingTel,RoW Tier 2,5,x,x,SINSG
210,X,639,02,Kenya,Safaricom,RoW Tier 2,5,x,x,SAFKE
211,X,651,01,Lesotho,VODACOM,RoW Tier 2,5,x,x,VFLS
212,,714,01,Panama,Cable & Wireless,RoW Tier 2,5,x,x,CAWPA
213,X,220,02,Montenegro,Telenor,RoW Tier 2,5,x,,TNRME
214,,255,01,Ukraine,MTS,RoW Tier 2,5,x,,MTSUA
215,X,282,04,Georgia,Beeline,RoW Tier 2,5,x,,BLNGE
216,X,294,03,"Macedonia, The Former Yugoslav Republic of",Vip operator,RoW Tier 2,5,x,,VIPMK
217,X,340,08,Guadeloupe,Dauphin,RoW Tier 2,5,x,,DPHGP
218,X,354,86,Montserrat,Cable & Wireless,RoW Tier 2,5,x,,CAWMS
219,,416,03,Jordan,Umniah,RoW Tier 2,5,x,,UMNJO
220,,454,12,Hong Kong,Peoples,RoW Tier 2,5,x,,CMOHK
221,,505,02,Australia,Optus,RoW Tier 2,5,x,,OPSAU
222,X,604,02,Morocco,Wana,RoW Tier 2,5,x,,WANMA
223,X,612,02,Ivory Coast,Moov,RoW Tier 2,5,x,,MOVCI
224,X,616,02,Benin,Moov,RoW Tier 2,5,x,,TCLBJ
225,,250,99,Russian Federation,Beeline,RoW Tier 3,6,x,x,VIMRU
226,X,257,04,Belarus,Life,RoW Tier 3,6,x,x,BSTBY
227,,274,01,Iceland,Siminn,RoW Tier 3,6,x,x,SMNIS
228,,274,11,Iceland,Nova,RoW Tier 3,6,x,x,NOVIS
229,,286,03,Turkey,AVEA,RoW Tier 3,6,x,x,AVETR
230,,310,26,United States,T-Mobile,RoW Tier 3,6,x,x,TMBUS
231,,334,030,Mexico,Movistar,RoW Tier 3,6,x,x,MVSMX
232,X,340,20,Digicel Caribean 2,Digicel,RoW Tier 3,6,x,x,DGCMQ
233,X,362,69,Curacao,Digicel,RoW Tier 3,6,x,x,DGCNL
234,X,370,01,Dominican Republic,Orange,RoW Tier 3,6,x,x,ORGDM
235,X,420,01,Saudi Arabia,STC Al Jawal,RoW Tier 3,6,x,x,STCSA
236,X,424,02,United Arab Emirates,Etisalat,RoW Tier 3,6,x,x,ETIAE
237,,425,02,Israel,Cellcom,RoW Tier 3,6,x,x,CLCIL
238,,520,01,Thailand,AIS,RoW Tier 3,6,x,x,AISTH
239,,602,01,Egypt,MobiNil,RoW tier 3,6,x,x,MNLEG
240,,604,00,Morocco / W Sahara,Medi Telecom,RoW Tier 3,6,x,x,MEDMA
241,X,607,04,Gambia,Qcell,RoW Tier 3,6,x,x,QCLGM
242,,620,06,Ghana,Airtel,RoW Tier 3,6,x,x,ZAIGH
243,X,621,20,Nigeria,Airtel,RoW Tier 3,6,x,x,ZAING
244,X,629,01,"Congo, (Brazzaville)",CelTel,RoW Tier 3,6,x,x,ZAICG
245,X,634,01,Sudan,Zain ,RoW Tier 3,6,x,x,ZAISD
246,X,635,10,Rwanda,Rwandacell,RoW Tier 3,6,x,x,MTNRW
247,X,640,04,"Tanzania, United Republic of",Vodacom,RoW Tier 3,6,x,x,VFTZ
248,X,640,05,"Tanzania, United Republic of",Airtel,Row Tier 3,6,x,x,ZAITZ
249,X,645,01,Zambia,Airtel,RoW Tier 3,6,x,x,ZAIZM
250,X,649,01,Namibia,MTC,RoW Tier 3,6,x,x,MTCNA
251,,714,04,Panama,Digicel,RoW Tier 3,6,x,x,DGCPA
252,,716,17,Peru,Nextel,Row Tier 3,6,x,x,NEXPE
253,,722,07,Argentina,Movistar,RoW Tier 3,6,x,x,MVSAR
254,,724,02,Brazil,TIM ,RoW Tier 3,6,x,x,TIMBR
255,,724,03,Brazil,TIM ,RoW Tier 3,6,x,x,TIMBR
256,,724,04,Brazil,TIM ,RoW Tier 3,6,x,x,TIMBR
257,X,732,123,Colombia,Movistar,RoW Tier 3,6,x,x,MVSCO
258,,748,01,Uruguay,Ancel,RoW Tier 3,6,x,x,ANCUY
259,,440,20,Japan,Softbank,RoW Tier 3,6,,x,JFNJP
260,,257,02,Belarus,MTS,RoW Tier 3,6,x,,MTSBY
261,X,338,050,Digicel Caribean,Digicel,RoW Tier 3,6,x,,DGCJM
262,X,374,130,Trinidad and Tobago,Digicel,RoW Tier 3,6,x,,DGCTT
263,X,410,03,Pakistan,Ufone,RoW Tier 3,6,x,,UFNPK
264,X,412,01,Afghanistan,Afghanistan,RoW Tier 3,6,x,,AWCAF
265,X,412,20,Afghanistan,Roshan,RoW Tier 3,6,x,,ROSAF
266,X,412,50,Afghanistan,Etisalat,RoW Tier 3,6,x,,ETIAF
267,X,418,20,Iraq,Zain,RoW Tier 3,6,x,,ZAIIQ
268,X,421,02,Yemen,MTN,RoW Tier 3,6,x,,SPTYE
269,X,428,99,Mongolia,MobiCom,RoW Tier 3,6,x,,MCMMN
270,X,539,88,Tonga,Digicel,RoW Tier 3,6,x,,DGCTO
271,X,541,05,Vanuatu,Digicel,RoW Tier 3,6,x,,DGCVU
272,,604,01,Morocco / W Sahara,IAM,RoW Tier 3,6,x,,MARMA
273,X,608,01,Senegal,Orange,RoW Tier 3,6,x,,ORGSN
274,X,610,02,Mali,Orange,RoW Tier 3,6,x,,ORGML
275,X,613,02,Burkina Faso,Airtel,RoW Tier 3,6,x,,ATLBF
276,X,614,02,Niger,Airtel,RoW Tier 3,6,x,,ZAINE
277,,616,03,Benin,Spacetel,RoW Tier 3,6,x,,SPTBJ
278,X,618,01,Liberia,Lonestar Cell,RoW Tier 3,6,x,,LSTLR
279,X,619,01,Sierra Leone,Airtel,RoW Tier 3,6,x,,ATLSL
280,,620,01,Ghana,MTN,RoW Tier 3,6,x,,MTNGH
281,,621,30,Nigeria,MTN,RoW Tier 3,6,x,,MTNNG
282,X,622,01,Tchad,Airtel,RoW Tier 3,6,x,,ZAITD
283,X,623,01,Central African Republic,Moov,RoW Tier 3,6,x,,ATQCF
284,X,624,01,Cameroon,MTN,RoW Tier 3,6,x,,MTNCM
285,X,628,03,Gabon,Airtel,RoW Tier 3,6,x,,ZAIGA
286,,630,02,Congo (Kinshasa),Celtel,RoW Tier 3,6,x,,ZAICD
287,,641,10,Uganda,MTN,RoW Tier 3,6,x,,MTNUG
288,X,646,01,Madagascar,Airtel,RoW Tier 3,6,x,,ATLMG
289,X,650,10,Malawi,Airtel,RoW Tier 3,6,x,,ZAIMW
290,X,653,10,Swaziland,Swazi MTN ,RoW Tier 3,6,x,,MTNSZ
291,,706,02,El Salvador,Digicel,RoW Tier 3,6,x,,DGCSV
292,,708,040,Honduras,Digicel,RoW Tier 3,6,x,,DGCHN
293,,722,34,Argentina,Telecom Personal,RoW Tier 3,6,x,,PSNAR
294,X,738,01,Guyana,Digicel ,RoW Tier 3,6,x,,DGCGY
295,X,744,01,Paraguay,Vox,RoW Tier 3,6,x,,VOXPY
296,X,746,03,Suriname,Digicel,RoW Tier 3,6,x,,DGCSR
297,X,213,03,Andorra,Mobiland,RoW Tier 5,7,x,x,MBLAD
298,,218,05,Bosnia and Herzegovina,mtel,Row Tier 5,7,x,x,MBSBA
299,,219,01,Croatia,Croatian Telecom,Row Tier 5,7,x,x,TMBHR
300,,234,55,Guernsey,Cable & Wireless,RoW Tier 5,7,x,x,CAWGG
301,,234,55,Jersey,Cable & Wireless,RoW Tier 5,7,x,x,CAWGG
302,,257,01,Belarus,Velcom,RoW Tier 5,7,x,x,VLMBY
303,x,259,01,"Moldova, Republic of",Orange,Row Tier 5,7,x,x,ORGMD
304,X,266,01,Gibraltar,Gibtel,Row Tier 5,7,x,x,GIBGI
305,,282,02,Georgia,Magticom,Row Tier 5,7,x,x,MAGGE
306,X,283,01,Armenia,ArmenTel,Row Tier 5,7,x,x,AMTAM
307,X,283,05,Armenia,VivaCell,Row Tier 5,7,x,x,MTSAM
308,,294,01,"Macedonia, The Former Yugoslav Republic of",T-Mobile,Row Tier 5,7,x,x,TMBMK
309,,294,02,"Macedonia, The Former Yugoslav Republic of",Cosmofon,RoW Tier 5,7,x,x,COFMK
310,,310,020,United States,Union Telephone Company,RoW Tier 5,7,x,x,UNIUS
311,X,310,140,Guam,mPulse,RoW Tier 5,7,x,x,MPLUS
312,X,310,470,Northern Mariana Islands / Guam,Docomo Pacific,Row Tier 5,7,x,x,NDOGU
313,X,364,39,Bahamas,BTC,Row Tier 5,7,x,x,BTCBS
314,,401,02,Kazakhstan,KCell,Row Tier 5,7,x,x,KCEKZ
315,,404,10,India (Delhi),AirTel,Row Tier 5,7,x,x,BARIN
316,,404,40,India (Chennai),AirTel,Row Tier 5,7,x,x,BARIN
317,,404,45,India (Karnataka),AirTel,Row Tier 5,7,x,x,BARIN
318,,404,70,India (Rajasthan),AirTel,Row Tier 5,7,x,x,BARIN
319,,404,92,India (Bombay/Mumbai),AirTel,Row Tier 5,7,x,x,BARIN
320,,404,94,India (Tamil Nadu),AirTel,Row Tier 5,7,x,x,BARIN
321,X,415,01,Lebanon,Alfa,Row Tier 5,7,x,x,ALFLB
322,,416,77,Jordan,Orange,Row Tier 5,7,x,x,MBCJO
323,,420,03,Saudi Arabia,Mobily,Row Tier 5,7,x,x,MBYSA
324,,420,04,Saudi Arabia,Zain,RoW Tier 5,7,x,x,ZAISA
325,,421,01,Yemen,Sabafon,RoW Tier 5,7,x,x,SBFYE
326,X,422,02,Oman,Omantel,Row Tier 5,7,x,x,OMBOM
327,,424,03,United Arab Emirates,du,Row Tier 5,7,x,x,DUAE
328,,426,01,Bahrain,Batelco,Row Tier 5,7,x,x,BATBH
329,,427,01,Qatar,Q-Tel,Row Tier 5,7,x,x,QTLQA
330,,428,88,Mongolia,Unitel,RoW Tier 5,7,x,x,UTLMN
331,X,429,02,Nepal,Ncell,Row Tier 5,7,x,x,NCLNP
332,X,434,07,Uzbekistan,MTS,Row Tier 5,7,x,x,MTSUZ
333,,436,01,Tajikistan,Tcell,RoW Tier 5,7,x,x,INDTJ
334,,436,02,Tajikistan,TCell,Row Tier 5,7,x,x,INDTJ
335,X,452,04,Viet Nam,Viettel,Row Tier 5,7,x,x,VIEVN
336,,454,00,Hong Kong,CSL,Row Tier 5,7,x,x,CSLHK
337,X,455,01,Macau,CTM,Row Tier 5,7,x,x,CTMMO
338,X,456,01,Cambodia,Cellcard,Row Tier 5,7,x,x,CAMKH
339,X,456,06,Cambodia,SmartMobile,Row Tier 5,7,x,x,SMRKH
340,,466,01,"Taiwan, Province of China",Far EasTone,Row Tier 5,7,x,x,FETTW
341,,466,97,"Taiwan, Province of China",Taiwan Mobile,Row Tier 5,7,x,x,TMOTW
342,,502,12,Malaysia,Maxis Mobile,Row Tier 5,7,x,x,MAXMY
343,,502,18,Malaysia,U-Mobile,RoW Tier 5,7,x,x,UMOMY
344,,505,01,Australia,Telstra,Row Tier 5,7,x,x,TELAU
345,,510,08,Indonesia,Axis,Row Tier 5,7,x,x,AXSID
346,,510,10,Indonesia,Telkomsel,Row Tier 5,7,x,x,TELID
347,,515,05,Philippines,Sun Cellular,RoW Tier 5,7,x,x,SNCPH
348,,520,99,Thailand,True Move,RoW Tier 5,7,x,x,TRMTH
349,X,528,02,Brunei Darussalam,B-Mobile,RoW Tier 5,7,x,x,BMCBN
350,X,528,11,Brunei Darussalam,DST ,Row Tier 5,7,x,x,DSTBN
351,X,537,03,Papua New Guinea,Digicel,Row Tier 5,7,x,x,DGCPG
352,X,542,01,Fiji,Vodafone,Row Tier 5,7,x,x,VFFJ
353,,542,02,Fiji / Nauru,Digicel,Row Tier 5,7,x,x,DGCFJ
354,X,546,01,New Caledonia,OPT,Row Tier 5,7,x,x,OPTNC
355,X,547,20,French Polynesia,VINI,RoW Tier 5,7,x,x,VINPF
356,,608,03,Senegal,Expresso,Row Tier 5,7,x,x,EXPSN
357,X,617,01,Mauritius,Orange,Row Tier 5,7,x,x,ORGMU
358,,621,50,Nigeria,Glo Mobile,RoW Tier 5,7,x,x,GLMNG
359,,621,60,Nigeria,Etisalat,RoW Tier 5,7,x,x,ETING
360,X,625,01,Cape Verde,CVMovel,Row Tier 5,7,x,x,CVMCV
361,X,631,02,Angola,Unitel,RoW Tier 5,7,x,x,UNTAO
362,X,631,04,Angola,Movicel,RoW Tier 5,7,x,x,MVCAO
363,,639,03,Kenya,Airtel,RoW Tier 5,7,x,x,ATLKE
364,,646,04,Madagascar,Telma Mobile,RoW tier 5,7,x,x,TLMMG
365,X,647,10,Mayotte,SRR,RoW Tier 5,7,x,x,SRRRE
366,X,648,04,Zimbabwe,Econet,Row Tier 5,7,x,x,ECOZW
367,X,652,02,Botswana,Orange,Row Tier 5,7,x,x,ORGBW
368,X,712,01,Costa Rica,I.C.E.,Row Tier 5,7,x,x,ICECR
369,X,712,03,Costa Rica,Claro,RoW Tier 5,7,x,x,CLRCR
370,,732,111,Colombia,Tigo,Row Tier 5,7,x,x,TIGCO
371,X,736,01,Bolivia,Nuevatel,Row Tier 5,7,x,x,NVTBO
372,,450,05,"Korea, Republic Of",SK Telecom,Row Tier 5,7,,x,SKTKR
373,X,437,01,Kyrgyzstan,Beeline,Row Tier 5,7,x*,x*,BLNKG
374,,250,02,Russian Federation,Megafon,Row Tier 5,7,x,,MEGRU
375,,250,03,Russian Federation,NCC,Row Tier 5,7,x,,NCCRU
376,,255,03,Ukraine,Kyivstar,Row Tier 5,7,x,,KYVUA
377,,276,04,Albania,PLUS,RoW Tier 5,7,x,,PLSAL
378,X,288,01,Faroe Islands,Faroese Telecom,Row Tier 5,7,x,,FARFO
379,X,290,01,Greenland,TELE Greenland,Row Tier 5,7,x,,TGLGL
380,,310,720,United States,Manx NA,Row Tier 5,7,x,,MNXUS
381,,340,01,Orange Caribean,Orange,RoW Tier 5,7,x,,ORGGP
382,X,348,570,Virgin Islands (British),CCT,Row Tier 5,7,x,,CCTVG
383,,350,01,Bermuda,Digicel,Row Tier 5,7,x,,TCWBM
384,,362,91,UTS Setel Caribean,UTS Setel,Row Tier 5,7,x,,UTSAN
385,X,368,01,Cuba,Cubacel,Row Tier 5,7,x,,CBCCU
386,,370,04,Dominican Republic,Trilogy,Row Tier 5,7,x,,TRLDO
387,,374,12,Trinidad and Tobago,TSTT,Row Tier 5,7,x,,TSTTT
388,,400,01,Azerbaijan,Azercell,Row Tier 5,7,x,,AZCAZ
389,X,402,77,Bhutan,TashiCell,Row Tier 5,7,x,,TSHBT
390,,404,02,India (punjab),AirTel,Row Tier 5,7,x,,BARIN
391,,404,03,India (Himachal Pradesh),AirTel,Row Tier 5,7,x,,BARIN
392,,404,31,India (Kolkata),AirTel,Row Tier 5,7,x,,BARIN
393,,404,49,India (Andhra Pradesh),AirTel,Row Tier 5,7,x,,BARIN
394,,404,90,India (Maharashtra & Goa),AirTel,Row Tier 5,7,x,,BARIN
395,,404,93,India (Madhya Pradesh),AirTel,Row Tier 5,7,x,,BARIN
396,,404,95,India (Kerala),AirTel,Row Tier 5,7,x,,BARIN
397,,404,96,India (Haryana),AirTel,Row Tier 5,7,x,,BARIN
398,,404,97,India (Uttar Pradesh West),AirTel,Row Tier 5,7,x,,BARIN
399,,404,98,India (Gujarat),AirTel,Row Tier 5,7,x,,BARIN
400,,410,01,Pakistan,Mobilink,Row Tier 5,7,x,,MBKPA
401,,410,04,Pakistan,Zong,Row Tier 5,7,x,,ZNGPK
402,,413,01,Sri Lanka,Mobitel,Row Tier 5,7,x,,MOTLK
403,,413,08,Sri Lanka,Hutch,RoW Tier 5,7,x,,HUTLK
404,,415,03,Lebanon,mtctouch,Row Tier 5,7,x,,MTCLB
405,,418,05,Iraq,Asiacell,Row Tier 5,7,x,,ASCIQ
406,,419,03,Kuwait,Wataniya,RoW Tier 5,7,x,,WATKW
407,X,425,07,Vietnam,BeeLine,RoW Tier 5,7,x,,BLNVN
408,X,438,01,Turkmenistan,BCTI,Row Tier 5,7,x,,BCTTM
409,,452,02,Viet Nam,Vinaphone,Row Tier 5,7,x,,VINVN
410,,456,09,Cambodia,Beeline,Row Tier 5,7,x,,BLNKH
411,X,470,01,Bangladesh,GrameenPhone,Row Tier 5,7,x,,GRABD
412,X,470,03,Bangladesh,Orsacom,Row Tier 5,7,x,,BLKBD
413,X,472,01,Maldives,DhiMobile,Row Tier 5,7,x,,DHIMV
414,X,472,02,Maldives,Wataniya ,Row Tier 5,7,x,,WATMV
415,X,514,02,East Timor,Timor Telecom,Row Tier 5,7,x,,TMTTL
416,,603,01,Algeria,Mobilis,RoW Tier 5,7,x,,MBIDZ
417,,603,02,Algeria,Djezzy,RoW Tier 5,7,x,,DJZDZ
418,X,605,02,Tunisia,Tuntel,Row Tier 5,7,x,,TTLTN
419,X,605,03,Tunisia,Tunisiana,Row Tier 5,7,x,,TUNTN
420,X,606,01,Libyan Arab Jamahiriya,El Madar,Row Tier 5,7,x,,MADLY
421,X,609,01,Mauritania,Mattel,Row Tier 5,7,x,,MATMR
422,X,611,04,Guinea,Areeba,Row Tier 5,7,x,,MTNGN
423,,612,03,Ivory Coast,Orange,Row Tier 5,7,x,,ORGCI
424,,615,01,Togo,Togo Cellulaire,Row Tier 5,7,x,,TGCTG
425,,616,05,Benin,GloMobile,RoW Tier 5,7,x,,GLMBJ
426,,617,03,Mauritius,MTML,RoW Tier 5,7,x,,MTMMU
427,X,633,01,Seychelles,Cable & Wireless,Row Tier 5,7,x,,CAWSC
428,,635,13,Rwanda,Tigo,Row Tier 5,7,x,,TIGRW
429,,639,05,Kenya,Essar Telecom,Row Tier 5,7,x,,ECOKE
430,X,643,01,Mozambique,mCel,Row Tier 5,7,x,,MCLMZ
431,X,702,67,Belize,BTL,Row Tier 5,7,x,,DCLBZ
432,,744,04,Paraguay,Airtel,RoW Tier 5,7,x,,TIGPY
433,X,457,08,Lao People's Democratic Republic,Tigo,Row Tier 5,7,x*,,TIGLA
